-- phpMyAdmin SQL Dump
-- version 4.5.2
-- http://www.phpmyadmin.net
--
-- Client :  localhost
-- Généré le :  Dim 23 Juillet 2017 à 13:03
-- Version du serveur :  10.1.13-MariaDB
-- Version de PHP :  5.6.20

SET SQL_MODE = "NO_AUTO_VALUE_ON_ZERO";
SET time_zone = "+00:00";


/*!40101 SET @OLD_CHARACTER_SET_CLIENT=@@CHARACTER_SET_CLIENT */;
/*!40101 SET @OLD_CHARACTER_SET_RESULTS=@@CHARACTER_SET_RESULTS */;
/*!40101 SET @OLD_COLLATION_CONNECTION=@@COLLATION_CONNECTION */;
/*!40101 SET NAMES utf8mb4 */;

--
-- Base de données :  `Survey`
--

-- --------------------------------------------------------

--
-- Structure de la table `answer`
--

CREATE TABLE `answer` (
  `id` int(11) NOT NULL,
  `ipAdress` varchar(16) COLLATE utf8_unicode_ci NOT NULL,
  `session` longtext COLLATE utf8_unicode_ci NOT NULL,
  `answerDate` date NOT NULL,
  `answer_id_id` int(11) DEFAULT NULL,
  `last_survey` int(11) NOT NULL
) ENGINE=InnoDB DEFAULT CHARSET=utf8 COLLATE=utf8_unicode_ci;

--
-- Contenu de la table `answer`
--

INSERT INTO `answer` (`id`, `ipAdress`, `session`, `answerDate`, `answer_id_id`, `last_survey`) VALUES
(21, '127.0.0.1', 'uie8doj05qp5l2b8l8lnliqsh2', '2017-07-06', 58, 55),
(22, '127.0.0.1', '9bp1chucf45rnmk7pb2vrf4b06', '2017-07-06', 58, 55),
(23, '127.0.0.1', 'mn2cmpnvuo5sg20ho7m3iaet6t', '2017-07-06', 59, 55),
(24, '127.0.0.1', 'gkd2bpaludeifn2a6robtq993q', '2017-07-06', 60, 55),
(25, '127.0.0.1', 'bs9n47dtfh23gci6fsgcf425d5', '2017-07-07', 59, 55),
(26, '127.0.0.1', 'u2a2hpf4fc8n9q3i47r8c1b0eh', '2017-07-08', 61, 55),
(27, '127.0.0.1', '75d8kk3b01d7c7rgl3c90ep8m8', '2017-07-05', 61, 55),
(28, '127.0.0.1', '0a3ngcs5kn4mmlevj63phpmifj', '2017-07-08', 61, 55),
(29, '127.0.0.1', '3ui9dbs3auvmts2e9barlinjna', '2017-07-07', 59, 55),
(30, '127.0.0.1', 'ugg1qtv2ut57240qo51v4eu3nb', '2017-07-05', 60, 55),
(31, '127.0.0.1', 'ugg1qtv2ut57240qo51v4eu3nb', '2017-07-07', 59, 55),
(32, '127.0.0.1', '3ui9dbs3auvmts2e9barlinjna', '2017-07-07', 58, 55),
(33, '127.0.0.1', '3ui9dbs3auvmts2e9barlinjna', '2017-07-07', 60, 55),
(34, '127.0.0.1', 'k2di5u0lk1607ushjc635josor', '2017-07-07', 61, 55),
(35, '127.0.0.1', 'l8afmeb682aen2ce91ntk0f93a', '2017-07-06', 61, 55),
(36, '127.0.0.1', '9m6ieuo649pbsbi5l8ra1798tv', '2017-07-05', 59, 55),
(37, '127.0.0.1', 'n62ngfkrfgq8gmqtpob70r9p1n', '2017-07-05', 58, 55),
(38, '127.0.0.1', 'f801ff9sjt41epehmtudpj1vg2', '2017-07-05', 60, 55),
(39, '127.0.0.1', 'ps1ci6k8318fr9gujtqjab72ms', '2017-07-05', 59, 55),
(40, '127.0.0.1', 'ksapn54rcpv72576irehkdsakk', '2017-07-05', 58, 55),
(41, '127.0.0.1', 'lck2u0ffinpi7kc14o0sge8vhb', '2017-07-05', 59, 55),
(42, '127.0.0.1', '1a8f31vq6vqqfgjdjvit8gga1p', '2017-07-05', 59, 55),
(43, '127.0.0.1', 'n8qis1ltko8t0a83keu5trq1ii', '2017-07-05', 58, 55),
(44, '127.0.0.1', '8b0bj4ut17d5fin0vdv7f78fe1', '2017-07-07', 59, 55),
(45, '127.0.0.1', 'fp3l5p4vgov9qhn3ggg2t6ng27', '2017-07-07', 59, 55),
(46, '127.0.0.1', '3aniajee7qvimm10r5bl2kpl0h', '2017-07-05', 58, 55),
(47, '127.0.0.1', '9stnvq9nte0bj841ppeqnh2vfi', '2017-07-05', 61, 55),
(48, '127.0.0.1', '8pc10n38rd3l2rbm2gv1unmuqb', '2017-07-05', 59, 55),
(49, '127.0.0.1', 'q0verjfa752s75jj28fehvcjcc', '2017-07-05', 60, 55),
(50, '127.0.0.1', 'ofaf7k2pstk2cr9l6fu6a15anp', '2017-07-05', 59, 55),
(51, '127.0.0.1', 'tr5ivbpp6pmk756gp06igu94v3', '2017-07-05', 59, 55),
(52, '127.0.0.1', 'kksthcggi9hnnp1lmuirhjl8jr', '2017-07-05', 60, 55),
(53, '127.0.0.1', '0phougfpfocs48fd77s6rri0ej', '2017-07-08', 59, 55),
(54, '127.0.0.1', '9c5s54keroobcgfo4p4j73drmi', '2017-07-08', 60, 55),
(55, '127.0.0.1', 'fnkaal5rsl4q9fucooje2qm184', '2017-07-08', 58, 55),
(56, '127.0.0.1', 'rmjnkbmheljp43j0rulam3c94o', '2017-07-08', 58, 55),
(57, '127.0.0.1', 'kmjdsb9hpklkbmm6l563dt1c4r', '2017-07-01', 62, 56),
(58, '127.0.0.1', '0mhoufs6pedvkhr903seaevss5', '2017-07-01', 63, 56),
(59, '127.0.0.1', 'gsb2sser03lj70kne1k76juuh4', '2017-07-01', 64, 56),
(60, '127.0.0.1', 'm572490hi7okb9qotc9caj7olb', '2017-07-01', 65, 56),
(61, '127.0.0.1', 'cgusf0uu3jrpnn68oi9k00c17e', '2017-07-01', 62, 56),
(62, '127.0.0.1', 'cgusf0uu3jrpnn68oi9k00c17e', '2017-07-01', 63, 56),
(63, '127.0.0.1', 'aabfolr4tpad6bln8ap38mqla4', '2017-07-01', 63, 56),
(69, '127.0.0.1', '5fpo6vmq7n9d6thb2efkgrc80i', '2017-07-07', 65, 56),
(70, '127.0.0.1', '7m2jc6dkm9hciggajo1eop873q', '2017-07-07', 65, 56),
(71, '127.0.0.1', '2g3p7qcgtjr3sgidqo6sfbrgok', '2017-07-07', 64, 56),
(72, '127.0.0.1', 'r5iraakc5lfrle93asb5muf3if', '2017-07-07', 62, 56),
(73, '127.0.0.1', '00mk0l1vg9092e2rhllgdgdm9t', '2017-07-07', 65, 56),
(74, '127.0.0.1', '4gk1veq2td0cnhkvg83b0c7efm', '2017-07-07', 62, 56),
(75, '127.0.0.1', '73f65vaq34fk6aehqfeqtrqckg', '2017-07-07', 65, 56),
(76, '127.0.0.1', 'r1mhkndnggmc12j60llve47chb', '2017-07-07', 63, 56),
(77, '127.0.0.1', 'mtrspen9sesguv4buspmhtq70q', '2017-07-07', 64, 56),
(78, '127.0.0.1', 's602eg6cofqj9gmuodhbc8c76t', '2017-07-07', 62, 56),
(79, '127.0.0.1', 'j8ogn9lka7hvnp9d1ainc14t3m', '2017-07-07', 62, 56),
(80, '127.0.0.1', 'acvbqrlskk9ufhjms7dleshu86', '2017-07-07', 62, 56),
(81, '127.0.0.1', 'jhcg7rf2uuoj673obu4esrco3o', '2017-07-08', 63, 56),
(82, '127.0.0.1', 'qt1trh9qkhaa152o55v4l3bpjq', '2017-07-08', 62, 56),
(83, '127.0.0.1', 'uvnl6l03boii4ane97ertid0af', '2017-07-08', 62, 56),
(84, '127.0.0.1', 'cm9tbcpin9kjfnojq949plk1d2', '2017-07-08', 62, 56),
(85, '127.0.0.1', 'c4qqp2s3rtvp3ce95v8bt7k63u', '2017-07-08', 62, 56),
(86, '127.0.0.1', '3dp7v52kpnfndpqkskaptqjk7u', '2017-07-08', 62, 56),
(87, '127.0.0.1', 'nb77o5ijgc4s4vj48p04ajl8fs', '2017-07-08', 65, 56),
(88, '127.0.0.1', 'lhqcfs35r87f4v5691hd2cn86v', '2017-07-08', 65, 56),
(89, '127.0.0.1', '4sqkkqd7e412ov2j78ur3ekacv', '2017-07-08', 65, 56),
(90, '127.0.0.1', 'sdghp8nj18gv4g70u6gg37c0bp', '2017-07-08', 65, 56),
(91, '127.0.0.1', 'shj6gkq2mk28ds78vq7supg0rg', '2017-07-08', 64, 56),
(92, '127.0.0.1', '08n07sf8je02jhafgbsn81jmh7', '2017-07-08', 64, 56),
(93, '127.0.0.1', '2fv0ql9t8a9p3ug18cajjmg029', '2017-07-08', 65, 56),
(94, '127.0.0.1', '26p2igu0ufg36jnhomuic0vlvf', '2017-07-08', 65, 56),
(95, '127.0.0.1', '8rha8k9150b4bfdda8i03junta', '2017-07-08', 65, 56),
(96, '127.0.0.1', '3nn5s91q03mns3v8nenol534vu', '2017-07-08', 65, 56),
(97, '127.0.0.1', 'l88s7loh2poneev80hltthphp7', '2017-07-08', 65, 56),
(98, '127.0.0.1', 'bsj98unnndp768fk00qcpq490e', '2017-07-08', 64, 56),
(99, '127.0.0.1', 'q68oo1pll7cq6tlob0a2jvrjos', '2017-07-08', 65, 56),
(100, '127.0.0.1', 'gpqfav2caphec7akmmqgspu421', '2017-07-08', 65, 56),
(101, '127.0.0.1', 'a1u2gflo7u7usp7qmat73dfsar', '2017-07-08', 65, 56),
(102, '127.0.0.1', 'ffvq7828ml1p9m56n62nkm8lt2', '2017-07-08', 65, 56),
(103, '127.0.0.1', 'csghh2qgr6eculq2e0f6qnfdud', '2017-07-08', 64, 56),
(104, '127.0.0.1', 'r9l7ueiuiiaroegc5f3o2ui0in', '2017-07-08', 63, 56),
(105, '127.0.0.1', '3opfkt1l7d9je0p0kq1jfk52i0', '2017-07-08', 63, 56),
(106, '127.0.0.1', 'hp49nslhdje59t77ubmdtgndtp', '2017-07-08', 63, 56),
(107, '127.0.0.1', '7fo0jdrn9m419gejftkhbfh6jo', '2017-07-08', 63, 56),
(108, '127.0.0.1', '104trr5guic3pult3t53r0hjnl', '2017-07-08', 63, 56),
(109, '127.0.0.1', 'p5d63g4utj9n131m9ilfna5asf', '2017-07-08', 62, 56),
(110, '127.0.0.1', '7ud9naj9b7ms5j8sooqjqb9a91', '2017-07-08', 62, 56),
(111, '127.0.0.1', 'dhkmhi5ldiih6idmpgfnl8q9as', '2017-07-08', 62, 56),
(112, '127.0.0.1', 'jkkr5lr70ndprne1q5tif77nic', '2017-07-08', 65, 56),
(113, '127.0.0.1', 'b6akckm0iasr7pdfkkuvmiupb3', '2017-07-08', 65, 56),
(114, '127.0.0.1', 'fb82qmcfolsbt4b9lnhlb9uuhj', '2017-07-08', 65, 56),
(115, '127.0.0.1', '7bbv14ba41crkb1hnevobmrn30', '2017-07-08', 65, 56),
(116, '127.0.0.1', 'jcutt5kuua17u6bcdsd3smdtoc', '2017-07-08', 65, 56),
(117, '127.0.0.1', '0oaaqdr16ijt6argmkl5b1mev0', '2017-07-08', 65, 56),
(118, '127.0.0.1', 'o8cr5k6j428u0uk9et1jkd7cu5', '2017-07-08', 63, 56),
(119, '127.0.0.1', 'rfnh9fp44rk0a5u2v1v07qbvpb', '2017-07-02', 62, 56),
(120, '127.0.0.1', 'rvh7rgqls59j5ijl9u79sbh4nk', '2017-07-02', 65, 56),
(121, '127.0.0.1', 'o934f9rft5sksrs0pjc9vvpfov', '2017-07-02', 63, 56),
(122, '127.0.0.1', 'ur5vkh71nrh8i71hj078qj94jt', '2017-07-02', 64, 56),
(123, '127.0.0.1', 'urgkmbc0ea0t47lsegqs52bfp2', '2017-07-02', 65, 56),
(124, '127.0.0.1', 'eve96p3n75d2lvqv1dc43ong1s', '2017-07-02', 65, 56),
(125, '127.0.0.1', 'ia6o44htlru7jembh6tcfdpqmk', '2017-07-02', 65, 56),
(126, '127.0.0.1', 'sr639of54ung337n3nnngui3qa', '2017-07-02', 65, 56),
(127, '127.0.0.1', 'qs23vl03spchro5h9mlt7ugmu7', '2017-07-02', 65, 56),
(128, '127.0.0.1', 'g29kptm2hrrqj94oaq7hbufurr', '2017-07-02', 65, 56),
(129, '127.0.0.1', 'qpe3gbfac3ntsms8egm492vjl5', '2017-07-02', 65, 56),
(130, '127.0.0.1', '2cg1nb8sh4fgk93ik6bjbd8ohh', '2017-07-02', 65, 56),
(131, '127.0.0.1', 'vn2miaf3t9unhp3s5cgk5rmt93', '2017-07-02', 64, 56),
(132, '127.0.0.1', '6a9bgtv6nc0eah4ict374ha0rc', '2017-07-02', 64, 56),
(133, '127.0.0.1', 'b7gvld2lmg9vdof3foluo9pies', '2017-07-02', 64, 56),
(134, '127.0.0.1', '3mlf7doiesmu88ubshu7hqbe00', '2017-07-02', 64, 56),
(135, '127.0.0.1', '6mmkc7c0aha6jb7ak32ktjqsnp', '2017-07-02', 64, 56),
(136, '127.0.0.1', 'ii9ussqcror344s9i8ibivjnvh', '2017-07-02', 64, 56),
(137, '127.0.0.1', '6h04k79us92n48rqq2jhg8sks3', '2017-07-02', 64, 56),
(138, '127.0.0.1', 'rkm3i119auriq920qkfsl9a0kv', '2017-07-02', 64, 56),
(139, '127.0.0.1', 'c6ob9kso5uv6j8ur30vve9knf2', '2017-07-02', 64, 56),
(140, '127.0.0.1', 'k2lhm98opi8ep9n3ip6fofk238', '2017-07-02', 63, 56),
(141, '127.0.0.1', 'utmmqn4giijt49v23urso8t8ct', '2017-07-02', 63, 56),
(142, '127.0.0.1', '7jahumae002hdh6aq5ctqcdor2', '2017-07-02', 63, 56),
(143, '127.0.0.1', 'mcvuq6c8elgerstomfvgsrv741', '2017-07-02', 62, 56),
(144, '127.0.0.1', '2c38ic95u19s0sjhee36qso3rl', '2017-07-02', 62, 56),
(145, '127.0.0.1', 'bibj43vte7de9rct8mlsaa8rip', '2017-07-02', 62, 56),
(146, '127.0.0.1', 'cmuqlln321oi4lgbm90qe75e88', '2017-07-02', 62, 56),
(147, '127.0.0.1', 'gmo40hqplrocelur5j3ri4gflo', '2017-07-02', 62, 56),
(148, '127.0.0.1', '4fq10vqmu4mmb7r76c5q6kfa85', '2017-07-02', 62, 56),
(149, '127.0.0.1', 'lom22npuh7sskcljem167vbmc8', '2017-07-02', 62, 56),
(150, '127.0.0.1', '8jc9s45f150oqld8b0k8n0gogb', '2017-07-02', 62, 56),
(151, '127.0.0.1', '3mrmpsp4r6vlb38imn240mpfte', '2017-07-02', 62, 56),
(152, '127.0.0.1', '43n2jt0d7a2hijinrdk7m4cf5n', '2017-07-02', 62, 56),
(153, '127.0.0.1', '4c3pv8enlst6brd14m3fmqkbll', '2017-07-02', 62, 56),
(154, '127.0.0.1', '0sogbdcpgisfkh7b7ndeeggp5v', '2017-07-02', 62, 56),
(155, '127.0.0.1', '5c6dheokvmlc7lmkr9b2f2aom7', '2017-07-02', 62, 56),
(156, '127.0.0.1', 'fdv3nhda0u73pbvbt5pkivrgiv', '2017-07-02', 62, 56),
(157, '127.0.0.1', 'fk0bpuqil3s7e85bqjbm5amll2', '2017-07-03', 62, 56),
(158, '127.0.0.1', 'an8ibjkc6vul57vkrmns625iek', '2017-07-03', 62, 56),
(159, '127.0.0.1', 'ds41ul3h50ha5dlha6mqd0ja4v', '2017-07-03', 62, 56),
(160, '127.0.0.1', 'c5a55scsg0le9f7667oof1lkmk', '2017-07-03', 62, 56),
(161, '127.0.0.1', 'ukv9j1clq2ts87utco5n8dpiqj', '2017-07-03', 62, 56),
(162, '127.0.0.1', '7145glfjvq3eo80f3cfq8us6t7', '2017-07-03', 62, 56),
(163, '127.0.0.1', 'l52j3n1l6g7ohs5aahg4i3j1vo', '2017-07-03', 62, 56),
(164, '127.0.0.1', 'j1p5qqb6v21rtvgik0opuvqql1', '2017-07-03', 62, 56),
(165, '127.0.0.1', 'hu86q0dm7e5ta88j4g9kf3t5as', '2017-07-03', 62, 56),
(166, '127.0.0.1', 'mf2o4p4rbh35muu20ij5pd3j7h', '2017-07-03', 62, 56),
(167, '127.0.0.1', '9t8dj2ga5po35826661j22pet8', '2017-07-03', 62, 56),
(168, '127.0.0.1', 'o2rjgabkp1lfjgf1aj2kndoc7j', '2017-07-03', 62, 56),
(169, '127.0.0.1', 'm09fukguqss3vsjf6upi6as7un', '2017-07-03', 62, 56),
(170, '127.0.0.1', '7m9v3kq5jcd587g6bm42k4bgdc', '2017-07-03', 62, 56),
(171, '127.0.0.1', 'o288crthkr11rtnm1qfj9so9hu', '2017-07-03', 62, 56),
(172, '127.0.0.1', 'up4a1ipoa5tjk8fla82k0rcs73', '2017-07-03', 63, 56),
(173, '127.0.0.1', 'unmtqmoqakf65mctgduull0m2j', '2017-07-03', 63, 56),
(174, '127.0.0.1', 'c9774n63ln8q9knb74uks2espa', '2017-07-03', 63, 56),
(175, '127.0.0.1', '56o7tpetudqqugd3hob1uc2k1n', '2017-07-03', 63, 56),
(176, '127.0.0.1', '6gfa4qqsll4pk0ffvbup2nis5n', '2017-07-03', 63, 56),
(177, '127.0.0.1', 'l5hrrlju0819c4tirmjtdmieki', '2017-07-03', 63, 56),
(178, '127.0.0.1', '4k21v0h40si3qrct2qkot1pect', '2017-07-03', 63, 56),
(179, '127.0.0.1', '222qkjqr602da2cger9t0r2sev', '2017-07-03', 63, 56),
(180, '127.0.0.1', 'ee22ggvf951q22nsdssh3m9aik', '2017-07-03', 63, 56),
(181, '127.0.0.1', 'p3d92j56ibocgbo02rabi1sthn', '2017-07-03', 63, 56),
(182, '127.0.0.1', 'cgn550rhmtrleqdkgudqg2pe17', '2017-07-03', 63, 56),
(183, '127.0.0.1', 'sglehvgvcej8u175aj3jr97iui', '2017-07-03', 63, 56),
(184, '127.0.0.1', '4f0a4hokoj550oc4ms5pcmrt9s', '2017-07-03', 63, 56),
(185, '127.0.0.1', '93dht2gmai85bpq47gfjg7ou44', '2017-07-03', 63, 56),
(186, '127.0.0.1', 'nil2boektr67d8v6n7dna650cv', '2017-07-03', 63, 56),
(187, '127.0.0.1', 'hon9a727aeekm5j5h7l9a90tsj', '2017-07-03', 63, 56),
(188, '127.0.0.1', 'c2qtmpgh88ff0k1esa7kkqr12t', '2017-07-03', 63, 56),
(189, '127.0.0.1', 'igvj0e8c6ljfukif5eau7bb1aj', '2017-07-03', 63, 56),
(190, '127.0.0.1', 'cvmf514067j7e45hh01n0uk602', '2017-07-03', 63, 56),
(191, '127.0.0.1', 'rp4lohnehmgnk854tnpq8503n5', '2017-07-03', 63, 56),
(192, '127.0.0.1', '84gcdb4i1b4abkt96h5ta6cbaf', '2017-07-03', 63, 56),
(193, '127.0.0.1', 'sk4onl35i9o7g6hs7n08bp1vaa', '2017-07-03', 63, 56),
(194, '127.0.0.1', '057fej5m7mvqeq4g5csviu8ft7', '2017-07-03', 63, 56),
(195, '127.0.0.1', 'srhps2f6nrmkacm32v7d5fg8e3', '2017-07-03', 64, 56),
(196, '127.0.0.1', 'ksvsfogc2qt5tajmc1bkkalvk9', '2017-07-03', 64, 56),
(197, '127.0.0.1', 'r1ov4vgu0maavldvmob4l2no2d', '2017-07-03', 64, 56),
(198, '127.0.0.1', 'fju2jcs4jq30fijk85pdejrl79', '2017-07-03', 64, 56),
(199, '127.0.0.1', '323bqqcs5kebmps434uamjut7f', '2017-07-03', 64, 56),
(200, '127.0.0.1', 'dbrdm54ot64ip6qut6op1e3s87', '2017-07-03', 65, 56),
(201, '127.0.0.1', 'qc8fgj5sdvusglsqe7h4ef50ap', '2017-07-03', 65, 56),
(202, '127.0.0.1', 'ah19ec5na433g4u4u49ld6pmi5', '2017-07-03', 65, 56),
(203, '127.0.0.1', 'e0782gl283rftd6cuu6rn06986', '2017-07-03', 65, 56),
(204, '127.0.0.1', 'cfj1uurd1mf5r81eumt71r46re', '2017-07-03', 65, 56),
(205, '127.0.0.1', 'e43ulubkqmljt9bc2euh8q6j6g', '2017-07-03', 65, 56),
(206, '127.0.0.1', '2u5c6s9im9hvgdsi2et3pa5ngv', '2017-07-04', 62, 56),
(207, '127.0.0.1', 'j2v2hp192i3ot957oei4f2sao2', '2017-07-04', 62, 56),
(208, '127.0.0.1', 'o9obkcgm5bd81b2n7l1nscgn97', '2017-07-04', 62, 56),
(209, '127.0.0.1', 'n2q6kschno6ot54vb00j7qo46q', '2017-07-04', 62, 56),
(210, '127.0.0.1', 'iam6j7qukd82fep3p5mv7nq982', '2017-07-04', 62, 56),
(211, '127.0.0.1', '479u9pa6g4pu8jnui75d2pvglf', '2017-07-04', 63, 56),
(212, '127.0.0.1', 'qk95kpr953t8rr0h6j2db4mv05', '2017-07-04', 64, 56),
(213, '127.0.0.1', 'n60iplshbiqlvsopj5g2kk2lsj', '2017-07-04', 64, 56),
(214, '127.0.0.1', '6ro11uf6qssm20ivct93p2ncol', '2017-07-04', 65, 56),
(215, '127.0.0.1', '43arckimtp1a7t315r14151a8c', '2017-07-04', 62, 56),
(216, '127.0.0.1', 'fi9h0mgf5idcm1uno4lfobba0q', '2017-07-04', 62, 56),
(217, '127.0.0.1', 't07u09cd1s586a68pf3iiqleg2', '2017-07-04', 62, 56),
(218, '127.0.0.1', 'icrdvhn0do1sje01be95smo3fm', '2017-07-04', 62, 56),
(219, '127.0.0.1', 'mvqh4s7m5sslva98ia8hobnpqf', '2017-07-04', 62, 56),
(220, '127.0.0.1', 'gbvt2sjtj5f8g1slkb76jft1pv', '2017-07-04', 62, 56),
(221, '127.0.0.1', 'sovnbqkm9dk14k6vb2e8sqf9ub', '2017-07-04', 62, 56),
(222, '127.0.0.1', '04oqk090bgim6e1gab945ms0vn', '2017-07-04', 62, 56),
(223, '127.0.0.1', 'mh2vcqo0m20gc8juctcuk5guva', '2017-07-04', 62, 56),
(224, '127.0.0.1', 'eki5cu8st7cm2tbcbinul6um97', '2017-07-04', 62, 56),
(225, '127.0.0.1', 'fdtri59mif4ptr9r7pjkm2oap2', '2017-07-04', 62, 56),
(226, '127.0.0.1', 'k2dc3qbfvrhhdjmo277l0qntru', '2017-07-04', 62, 56),
(227, '127.0.0.1', 'vb9q8ha0mojvu0crgphvl3pra0', '2017-07-04', 62, 56),
(228, '127.0.0.1', 'n10fk6f0mkhuevuhtvinv0hcok', '2017-07-04', 62, 56),
(229, '127.0.0.1', 'cr5shona7b3b3o5hi8e8g87b4p', '2017-07-04', 62, 56),
(230, '127.0.0.1', 'il8cle60f13hf9q5m8qk9i6sit', '2017-07-04', 62, 56),
(231, '127.0.0.1', 'iu7ql45vdubuekdnugfiptoloi', '2017-07-04', 62, 56),
(232, '127.0.0.1', 'ouffsqilt14ledrs547u2fm1h0', '2017-07-04', 62, 56),
(233, '127.0.0.1', '6nrtuqg7aae2pjlh5jl07idgss', '2017-07-04', 62, 56),
(234, '127.0.0.1', 's38ar7j6b1qgqequ18inhmuf1k', '2017-07-04', 62, 56),
(235, '127.0.0.1', '3a28k6vesppk1om2o0jtm91kqb', '2017-07-04', 63, 56),
(236, '127.0.0.1', 'cq8oj4n573e8o6v7hibu7j4pdt', '2017-07-04', 63, 56),
(237, '127.0.0.1', '3rfb1c1olb5a93ta1s1e45qkgp', '2017-07-04', 63, 56),
(238, '127.0.0.1', '25jpkvf7bup77lvbac37jhm9j7', '2017-07-04', 63, 56),
(239, '127.0.0.1', 'jcce5eo1ejm4je8knad9ctdese', '2017-07-04', 63, 56),
(240, '127.0.0.1', 's5lnqo7ok0d9vqhl2ute0k8kp3', '2017-07-04', 63, 56),
(241, '127.0.0.1', '58ldepc39v3appl88igb0u8n9u', '2017-07-04', 63, 56),
(242, '127.0.0.1', '5tspojkg0lalluekd0j12lt8pj', '2017-07-04', 63, 56),
(243, '127.0.0.1', '3o6ueqkd9mo1umjcrci63etl0i', '2017-07-04', 63, 56),
(244, '127.0.0.1', 'umbfdem94pta3rmp79beto08un', '2017-07-04', 63, 56),
(245, '127.0.0.1', 'r14ol01ncpdhe4e8cen5uv2132', '2017-07-04', 63, 56),
(246, '127.0.0.1', 'ddfu2pm8qv6smuu8r3rtd6vhok', '2017-07-04', 63, 56),
(247, '127.0.0.1', '9o7tkr484em0h1o1a1rau0h2d1', '2017-07-04', 64, 56),
(248, '127.0.0.1', 'q05qpr7s7l5dgnqlf420201thl', '2017-07-04', 64, 56),
(249, '127.0.0.1', '1f8ot30vqle8terhcd4917mlak', '2017-07-04', 64, 56),
(250, '127.0.0.1', 'tuitq7llir9821nq59ed7qvkt9', '2017-07-04', 64, 56),
(251, '127.0.0.1', 'gcff0f2oelgah4fr5po53hr1ni', '2017-07-04', 64, 56),
(252, '127.0.0.1', 't2brqdkhfboi1817ha87afemle', '2017-07-04', 64, 56),
(253, '127.0.0.1', 'os66c5a6aisgogkabsrq5j5c45', '2017-07-04', 64, 56),
(254, '127.0.0.1', '8k6p9p36nk98e9jef20n6qtn5u', '2017-07-04', 64, 56),
(255, '127.0.0.1', '01kgk8n6akegav54gqi6i89bjd', '2017-07-04', 64, 56),
(256, '127.0.0.1', 'c8a7uvukup5do35oon6ebvq7q5', '2017-07-04', 64, 56),
(257, '127.0.0.1', '68k2322p5kuqdmovumj8nmp33n', '2017-07-04', 64, 56),
(258, '127.0.0.1', '6fdhg70adr6aaedrqj48k2hlok', '2017-07-04', 64, 56),
(259, '127.0.0.1', '6ukuec6b98sqmkclthai6etngb', '2017-07-04', 64, 56),
(260, '127.0.0.1', '2ehlelb1k4aigkh75hekt8sri9', '2017-07-04', 64, 56),
(261, '127.0.0.1', 'bkp040abbrrsl7k9e88e42fdcg', '2017-07-04', 64, 56),
(262, '127.0.0.1', 'vnk5ar1s495p0jlebm551bpv6b', '2017-07-04', 64, 56),
(263, '127.0.0.1', 'rrv6ei7is9ivengkomg8ghv95e', '2017-07-04', 64, 56),
(264, '127.0.0.1', '85i1v0bcnfv0aurhaavrn4o8fc', '2017-07-04', 65, 56),
(265, '127.0.0.1', 'cfg56avvp35sh0b2qnjgop8n1j', '2017-07-04', 65, 56),
(266, '127.0.0.1', 'ojpan79lob3ebmbn1t5huhitnu', '2017-07-04', 65, 56),
(267, '127.0.0.1', 'tjg1eojukg3c68t0sp7u124484', '2017-07-04', 65, 56),
(268, '127.0.0.1', 'gg8g7gvorbsk6gh8eir3hr0vka', '2017-07-04', 65, 56),
(269, '127.0.0.1', 'q7ea2u6bf85931773r208fhd4b', '2017-07-04', 65, 56),
(270, '127.0.0.1', '9ran8p1ivrs70ffh5tb9p5lnm9', '2017-07-04', 65, 56),
(271, '127.0.0.1', 'hmefj1i78cdlmubnu2ibshic7o', '2017-07-04', 65, 56),
(272, '127.0.0.1', 'aapq12cn68dqtan48om6j2kman', '2017-07-04', 65, 56),
(273, '127.0.0.1', 'kkor0a85b9it7tbvq2esj7p4b4', '2017-07-04', 65, 56),
(274, '127.0.0.1', 'q7hkei111o4g0v43drmrnvui27', '2017-07-04', 65, 56),
(275, '127.0.0.1', '03brl5kra78f5i8asa9lovjh1p', '2017-07-04', 65, 56),
(276, '127.0.0.1', 'v8345gdq29otg48p6vtt8fuhod', '2017-07-05', 62, 56),
(277, '127.0.0.1', 'oiltrtu2g4o7cd18ch1vm22jct', '2017-07-05', 62, 56),
(278, '127.0.0.1', '3kueeffn01c79de0q3u7122cm3', '2017-07-05', 62, 56),
(279, '127.0.0.1', 'e3olvid1t9qomot6o72vvdidmj', '2017-07-05', 62, 56),
(280, '127.0.0.1', 'aj6hmm7phm4ufdfnbkav7djjk5', '2017-07-05', 63, 56),
(281, '127.0.0.1', '6mvkgef0bshnnrc201g87bmbon', '2017-07-05', 63, 56),
(282, '127.0.0.1', 'hn1vd5qeoun8rh4as7cjinf9tp', '2017-07-05', 63, 56),
(283, '127.0.0.1', 'trcrlsivlfm39qc0tph3r2sscm', '2017-07-05', 63, 56),
(284, '127.0.0.1', 'j3hkohqadsr4ui82icrn5ut90i', '2017-07-05', 63, 56),
(285, '127.0.0.1', 'pv99mioms8mjgmqmlrajealis2', '2017-07-05', 63, 56),
(286, '127.0.0.1', 'mv126eh514q0tl933aufdtdv98', '2017-07-05', 63, 56),
(287, '127.0.0.1', '41iuadgthhsglqe8ild49pp7je', '2017-07-05', 63, 56),
(288, '127.0.0.1', '5k35h7ggfks9cskoadn8i467l8', '2017-07-05', 64, 56),
(289, '127.0.0.1', '00grus6t5kiea8ftv2hgb5r96t', '2017-07-05', 64, 56),
(290, '127.0.0.1', 'olof4f3tmeulg1tus39qgq65n1', '2017-07-05', 64, 56),
(291, '127.0.0.1', 't9abtl1orb4t9bc9nptp83pebn', '2017-07-05', 64, 56),
(292, '127.0.0.1', 'ro5008aq8l4puvvdob5ov5maqk', '2017-07-05', 64, 56),
(293, '127.0.0.1', '41jo76vfmrcnu94u48p8k47rkg', '2017-07-05', 65, 56),
(294, '127.0.0.1', '1atd25meh8b122lgj42a27le4q', '2017-07-05', 65, 56),
(295, '127.0.0.1', '4jnskalham7vcg8s34qnfbu450', '2017-07-05', 65, 56),
(296, '127.0.0.1', 'vvso5ljmkt91v4jc828r5m0c0p', '2017-07-05', 65, 56),
(297, '127.0.0.1', '0m82urbukpjo1sdmmqeb9sll5r', '2017-07-05', 65, 56),
(298, '127.0.0.1', '3uokv0dbmj29iq1j5hd1prue9f', '2017-07-05', 65, 56),
(299, '127.0.0.1', 'gr78kr5q1el7gleo4j505fv4qg', '2017-07-05', 65, 56),
(300, '127.0.0.1', 'ft17elrq921auc0lhi81sflbom', '2017-07-06', 62, 56),
(301, '127.0.0.1', 'a9virtfpg7qisucac8kcck81ur', '2017-07-06', 62, 56),
(302, '127.0.0.1', 'qmako2aqk7jig6rksqnbhgm2ov', '2017-07-06', 63, 56),
(303, '127.0.0.1', '8que7irufebcvvpi8vqe11ivl4', '2017-07-06', 63, 56),
(304, '127.0.0.1', 'ukpko7f7h1tjvhlluda1r80pa6', '2017-07-06', 63, 56),
(305, '127.0.0.1', 'v1f5d71t9vivc2devb2ato040r', '2017-07-06', 63, 56),
(306, '127.0.0.1', 'uasg5gmpeb7urkdutntuqoistn', '2017-07-06', 63, 56),
(307, '127.0.0.1', '39si3mi29t1lsa04p8apfhjq3f', '2017-07-06', 64, 56),
(308, '127.0.0.1', 'j1f2idmhnibi14onr87hogs1ge', '2017-07-06', 64, 56),
(309, '127.0.0.1', 'sqddbsv8mitgbrm4sn9j7rst5a', '2017-07-06', 64, 56),
(310, '127.0.0.1', '9747ngngokfikuc47ha2pemo6g', '2017-07-06', 64, 56),
(311, '127.0.0.1', '2ghh833kunlo781cj42mveur9h', '2017-07-06', 64, 56),
(312, '127.0.0.1', '7rqg3b4q0dmuj3inq4mpi39101', '2017-07-06', 64, 56),
(313, '127.0.0.1', 'fc6lct74tei9751d354kofsf69', '2017-07-06', 64, 56),
(314, '127.0.0.1', '07dni51c0pd1d2a9mmj8bflequ', '2017-07-06', 65, 56),
(315, '127.0.0.1', 'b4enahdb81j35u79ui6tk6too0', '2017-07-06', 65, 56),
(316, '127.0.0.1', '701t0og9qa95c8ch3ftg36sf76', '2017-07-06', 65, 56),
(317, '127.0.0.1', 'ueirn6gipe4m5jbgdptko6gv3p', '2017-07-06', 65, 56),
(318, '127.0.0.1', 'am8mel6un2uvpbqqjp05q1atj4', '2017-07-06', 65, 56),
(319, '127.0.0.1', 'qs204n9bi871obfemtk3e4trpu', '2017-07-07', 62, 56),
(320, '127.0.0.1', 'o0053n247t53jg38ilddpii41t', '2017-07-08', 64, 56),
(321, '127.0.0.1', 'ip7r0govd2i8l7v69ghudhm9q3', '2017-07-08', 62, 56),
(322, '127.0.0.1', 'j38a18bnu54aejghcrogdeslcs', '2017-07-08', 63, 56),
(323, '127.0.0.1', 'r3d941u0hgmmnlu153jvpm1p7d', '2017-07-08', 65, 56),
(324, '127.0.0.1', 'loitdh7qo9spnnhc7jldp3kgim', '2017-07-08', 63, 56),
(325, '127.0.0.1', 'itn2r5ojh46v62ojgp4km1hja3', '2017-07-08', 66, 57),
(326, '127.0.0.1', 'eem2ds7ui81de7ma8fp8df7d0q', '2017-07-08', 67, 57),
(327, '127.0.0.1', 'epaccb69d8h6kn51ogttqhgkct', '2017-07-08', 68, 57),
(328, '127.0.0.1', 'fk7ak9h525nq6456kt3f24l974', '2017-07-08', 69, 57),
(329, '127.0.0.1', '0vcgkksva4fgc1kphq1rkukv0c', '2017-07-08', 70, 57),
(330, '127.0.0.1', 'o7rn82tgh947ne8gubiflp6b94', '2017-07-08', 71, 57),
(331, '127.0.0.1', 'mkjv8cpgj9140mkk5e49gl3c9r', '2017-07-08', 72, 57),
(332, '127.0.0.1', 'ksr4kqvkt87f13tn2blsp46ndv', '2017-07-08', 71, 57),
(333, '127.0.0.1', 'l37v2jto3k7b23h303vhuj9fks', '2017-07-08', 66, 57),
(334, '127.0.0.1', '63nadnkdmo3udc8nhos06v2jid', '2017-07-08', 66, 57),
(335, '127.0.0.1', 'l1k1q79cljicg8qnoo7iqatubf', '2017-07-08', 66, 57),
(336, '127.0.0.1', 't2ki0c88v6qleru8a1skop8iau', '2017-07-08', 66, 57),
(337, '127.0.0.1', '6n1ufc41tpd3faogfrjeqs1c8v', '2017-07-08', 66, 57),
(338, '127.0.0.1', '256b8i0unrnddvflhjbso46eld', '2017-07-08', 66, 57),
(339, '127.0.0.1', 'ems2o5sal1fpuvj7guak6rltbr', '2017-07-08', 66, 57),
(340, '127.0.0.1', 'bm1l5t09lva61qp06kdt8hkn1k', '2017-07-08', 66, 57),
(341, '127.0.0.1', 'jb6ch0begapa8na854f9rrm50h', '2017-07-08', 67, 57),
(342, '127.0.0.1', 'ha97aifm5gapu1pl0veumtfhj7', '2017-07-08', 67, 57),
(343, '127.0.0.1', 'scccfh9qcl61v89m2fip03h2u4', '2017-07-08', 67, 57),
(344, '127.0.0.1', '6qt9nd6h69c5nvr45igqoajka2', '2017-07-08', 67, 57),
(345, '127.0.0.1', 'pki7qhf0qrldngr47ekhr40ocd', '2017-07-08', 67, 57),
(346, '127.0.0.1', 's90gaor3044mfjup1huqjlomfe', '2017-07-08', 67, 57),
(347, '127.0.0.1', 'fhai0qpi88f04h68scr3b5bngb', '2017-07-08', 67, 57),
(348, '127.0.0.1', 'vs3fjikibd22t00i24r3s3s2f0', '2017-07-08', 67, 57),
(349, '127.0.0.1', '50cqftcb3k21fjivp6ge1o6soc', '2017-07-08', 68, 57),
(350, '127.0.0.1', 'fs43ckudjd2k5i178hqha0nhof', '2017-07-08', 68, 57),
(351, '127.0.0.1', 'fsl8bj8sehd0at33lnueftsa3f', '2017-07-08', 68, 57),
(352, '127.0.0.1', 'irc8mprsdtaq91ttu0cmnkp4pq', '2017-07-08', 68, 57),
(353, '127.0.0.1', '3dp57bq51is6og9q64fncdmlg7', '2017-07-08', 68, 57),
(354, '127.0.0.1', 'er37lrpgq5qmnv6o394qffimov', '2017-07-08', 68, 57),
(355, '127.0.0.1', 'gm295vsh2ir9fjgf7htnfphpve', '2017-07-08', 68, 57),
(356, '127.0.0.1', 'tdr56l6rl9qo0dn4j8ranje7aj', '2017-07-08', 68, 57),
(357, '127.0.0.1', 'adbpcvafr5tlu14m1726vh6u14', '2017-07-08', 68, 57),
(358, '127.0.0.1', 'l6lbvg53q3tfj7osq0b89c0jpn', '2017-07-08', 69, 57),
(359, '127.0.0.1', 'gajcu4890ec7nchjllh8jr8eme', '2017-07-08', 69, 57),
(360, '127.0.0.1', 'r4c4i2jl1a28n3hff0ebib28lo', '2017-07-08', 69, 57),
(361, '127.0.0.1', 'e7e3da2sme18jgbg9nj7gfniud', '2017-07-08', 69, 57),
(362, '127.0.0.1', '5rpml3i9h1q13jt4kfr2m557eo', '2017-07-08', 70, 57),
(363, '127.0.0.1', 'hae9kurlc7haeuqav209bgtd49', '2017-07-07', 70, 57),
(364, '127.0.0.1', 'f0142a1uuvfrfhntfl8rpvigv0', '2017-07-07', 70, 57),
(365, '127.0.0.1', 'pnnd1n8er9vme51k874etjv5r4', '2017-07-07', 70, 57),
(366, '127.0.0.1', 'iu1fja66ch02bm9a2l8nlv8rqq', '2017-07-07', 70, 57),
(367, '127.0.0.1', 'v0kl88ptlibb82daa0tuel82rl', '2017-07-07', 70, 57),
(368, '127.0.0.1', 'kp598m8a9n93i634m8kmneqn8u', '2017-07-07', 70, 57),
(369, '127.0.0.1', 'l2tdbhgu1utn8k20iaddfbl5tk', '2017-07-07', 70, 57),
(370, '127.0.0.1', '1idr1168gg73nv2uh6ejfqv9j6', '2017-07-07', 70, 57),
(371, '127.0.0.1', '50bqfvf0ubvib9nf3c64hm2nhk', '2017-07-07', 70, 57),
(372, '127.0.0.1', 'u6qacfdnajunc9t4f9ul7tsasv', '2017-07-07', 70, 57),
(373, '127.0.0.1', 'jdq9h92fgmiaekkm3p4giklbhk', '2017-07-07', 70, 57),
(374, '127.0.0.1', 'ga26ljnlmepvqdgj1q2j5pa54p', '2017-07-07', 70, 57),
(375, '127.0.0.1', 'p2n3jr8fav978vinptj0eh07p2', '2017-07-07', 70, 57),
(376, '127.0.0.1', 'af0c1mcenqgmr0ipibqaudsoke', '2017-07-07', 70, 57),
(377, '127.0.0.1', '5a59vtvlmkk26p7a85ua8ilig8', '2017-07-07', 70, 57),
(378, '127.0.0.1', '9nkohr3buaignfdkk641aka84d', '2017-07-07', 70, 57),
(379, '127.0.0.1', 'fuf8andsk7f4q9qa3l3bqscogk', '2017-07-07', 70, 57),
(380, '127.0.0.1', 'gf7qofjrrlsbrte9st7i3vac1s', '2017-07-07', 70, 57),
(381, '127.0.0.1', 'on9d1276cvumibuecnj707nspl', '2017-07-07', 71, 57),
(382, '127.0.0.1', 'lshv8c178k2q1p9b46psrf1jl5', '2017-07-07', 71, 57),
(383, '127.0.0.1', '3m2q2469s5lm3ps2cnh06ilarc', '2017-07-07', 71, 57),
(384, '127.0.0.1', 'r352c154fsv6ltqb6bqjhfqulm', '2017-07-07', 71, 57),
(385, '127.0.0.1', 'bopm9j2ihs37stt5589s04a5mj', '2017-07-07', 71, 57),
(386, '127.0.0.1', 'oso8hk3rqsckqvkpb5g2svvefc', '2017-07-07', 71, 57),
(387, '127.0.0.1', 'lscpv520fbkq9v3uilf1lnrdh3', '2017-07-07', 72, 57),
(388, '127.0.0.1', '8qpbtqt710j4vbvgmlq8msa700', '2017-07-07', 72, 57),
(389, '127.0.0.1', '5ndqrcbsmgrm4ts66nsijtomd9', '2017-07-07', 72, 57),
(390, '127.0.0.1', 'agudfo9kogi3v2cg3ll7q33i6e', '2017-07-07', 72, 57),
(391, '127.0.0.1', '5nkj70e3iaisipcrlvjvvbhros', '2017-07-07', 72, 57),
(392, '127.0.0.1', '23kv92rpnodv6juq1l6ne1hk0i', '2017-07-07', 72, 57),
(393, '127.0.0.1', '4iboojtrn9vupspt8hknk37lm5', '2017-07-07', 72, 57),
(394, '127.0.0.1', 'bnlra1e60nolnjhi7176qg3336', '2017-07-07', 66, 57),
(395, '127.0.0.1', 'on4pjcrhk8iir23cl57pps6r6b', '2017-07-07', 67, 57),
(396, '127.0.0.1', 'ua7fak15n7rv6ecf0tc56t5c5g', '2017-07-07', 68, 57),
(397, '127.0.0.1', '7bskbsq178nqd3ksm9sh170sf4', '2017-07-07', 68, 57),
(398, '127.0.0.1', '1k3nc35vbshfti95v0t22s8jhl', '2017-07-07', 69, 57),
(399, '127.0.0.1', 'bq3ktebqd9vg2duej3hl3036h6', '2017-07-07', 70, 57),
(400, '127.0.0.1', 'idak4jsrhjmuv3ifc797vgt2uu', '2017-07-07', 71, 57),
(401, '127.0.0.1', 'g4pago2vlm3i2bsbj0pd6l27q6', '2017-07-07', 72, 57),
(402, '127.0.0.1', 'ceg339dv7smo2dova099t20avr', '2017-07-07', 72, 57),
(403, '127.0.0.1', 'q7jotgiobghk408eumq842erkl', '2017-07-06', 66, 57),
(404, '127.0.0.1', 'pr760qfs6iths6v4d7fqufui7r', '2017-07-06', 66, 57),
(405, '127.0.0.1', 'i1gur1n9sjlcvch8a9q25ave8j', '2017-07-06', 66, 57),
(406, '127.0.0.1', 'p8tklbqc9ejibvgdffrb3p5r7e', '2017-07-06', 66, 57),
(407, '127.0.0.1', '5dutkltoou2gm7lpocrccvh1qq', '2017-07-06', 67, 57),
(408, '127.0.0.1', 'lbeake2q7jsr3kfmig0j8la4nf', '2017-07-06', 67, 57),
(409, '127.0.0.1', '2p54kt4b77i3uite0dknj3gs67', '2017-07-06', 67, 57),
(410, '127.0.0.1', '0ohs3k6tv94s2d133276q63aap', '2017-07-06', 67, 57),
(411, '127.0.0.1', 'k6hmsqc3kfn5gir0rts15p0vcq', '2017-07-06', 68, 57),
(412, '127.0.0.1', 'c2jkk0cfnu9ur7351al6k4cbdp', '2017-07-06', 68, 57),
(413, '127.0.0.1', 'rikcgcuo4ll47tjk2573j4pp94', '2017-07-06', 68, 57),
(414, '127.0.0.1', 'ffhncvni68ttqb6sfbonb8j7tv', '2017-07-06', 68, 57),
(415, '127.0.0.1', 'pedfqvbbrdf4vimp7g4v4sp6mk', '2017-07-06', 68, 57),
(416, '127.0.0.1', 'lmjd3bnsahq041ic79tkov2sd5', '2017-07-06', 68, 57),
(417, '127.0.0.1', '5415bkjq1n3stusekfotnph4i9', '2017-07-06', 68, 57),
(418, '127.0.0.1', 'm0k6t39069ed4pv025k1fr1ton', '2017-07-06', 69, 57),
(419, '127.0.0.1', 'vkbqkkrhplr7icf27k98snpoqb', '2017-07-06', 69, 57),
(420, '127.0.0.1', 'kjmklhf7g6sohh9qm5ibgdrpbt', '2017-07-06', 69, 57),
(421, '127.0.0.1', 'crmgqhsr55hihf1ac0t2t6e5kj', '2017-07-06', 69, 57),
(422, '127.0.0.1', '6h8k0ktj48sfjd8ggrsvg07lg6', '2017-07-06', 69, 57),
(423, '127.0.0.1', 'rvmuqjf38119humaingtnnh2ko', '2017-07-06', 69, 57),
(424, '127.0.0.1', 'h44nqcnbgj6l5t8g4ecvsfgedv', '2017-07-06', 69, 57),
(425, '127.0.0.1', 'k8f8n2a2n7vja35ncbco811pcr', '2017-07-06', 69, 57),
(426, '127.0.0.1', 'd83t733ueaq003vs76g0fud4fr', '2017-07-06', 70, 57),
(427, '127.0.0.1', '8t7fbsa5pdnf2v1uoi1jrv6l6n', '2017-07-06', 70, 57),
(428, '127.0.0.1', '8qr3p94v9d52ard00s452efsti', '2017-07-06', 70, 57),
(429, '127.0.0.1', 't9u4ff3kchfvr1ts4iciobmfl8', '2017-07-06', 70, 57),
(430, '127.0.0.1', '4al8uokoou8gr8dg9np89ge09i', '2017-07-06', 70, 57),
(431, '127.0.0.1', '948piqkl5orug6hqilhbrne7j2', '2017-07-06', 70, 57),
(432, '127.0.0.1', 'h2auvnpukbrg555jrjnhee7f3h', '2017-07-06', 70, 57),
(433, '127.0.0.1', '83l8br33qok351oqmgofa6bsln', '2017-07-05', 70, 57),
(434, '127.0.0.1', 'ak1anfes44p31746ghnnv7654q', '2017-07-05', 70, 57),
(435, '127.0.0.1', 'u57bgsr2hh7e9js82hqposbqo5', '2017-07-06', 71, 57),
(436, '127.0.0.1', '2stdu3a70mtk5juhq4hmk22np7', '2017-07-06', 71, 57),
(437, '127.0.0.1', 'i2o4fcbicvonbrd9ov8o487nc5', '2017-07-06', 71, 57),
(438, '127.0.0.1', '2v04ijc9e4u58t81bjpfmqdm86', '2017-07-06', 71, 57),
(439, '127.0.0.1', 'h8b5pe706amgrajjlr23ruhmuc', '2017-07-06', 71, 57),
(440, '127.0.0.1', 'tealfvjm1jba8a1pso2qkfljbu', '2017-07-06', 71, 57),
(441, '127.0.0.1', 'fnfnk3518ogov7ad760c65kj92', '2017-07-06', 71, 57),
(442, '127.0.0.1', 'vku9utbpbjdg4b73jq2gp5p116', '2017-07-06', 71, 57),
(443, '127.0.0.1', 'u29cvd893fvnej29jjs32us47p', '2017-07-06', 71, 57),
(444, '127.0.0.1', '6g85rhpfs5t45kdcfjlifq120b', '2017-07-06', 71, 57),
(445, '127.0.0.1', 't9d7c79mfm1321b2jri8bpia81', '2017-07-06', 71, 57),
(446, '127.0.0.1', '0ramsr6e7svp4i27536cj4tie8', '2017-07-06', 71, 57),
(447, '127.0.0.1', 'b3v5eetbpeprpmdthie0eubum6', '2017-07-06', 71, 57),
(448, '127.0.0.1', 't5blqpr4j3al21m8bfogupmad7', '2017-07-06', 71, 57),
(449, '127.0.0.1', 'i5vhsn2m1dbv53s8rpn8fnp7sd', '2017-07-06', 71, 57),
(450, '127.0.0.1', '1eaauhh8b9mkdamgl6k5mgk9e0', '2017-07-05', 71, 57),
(451, '127.0.0.1', 'frdkd6k79bhsmbi454dcpe3dd6', '2017-07-05', 71, 57),
(452, '127.0.0.1', '2eef9o8smtu7b1lml05t6ecasr', '2017-07-05', 71, 57),
(453, '127.0.0.1', '0f72glsbphcpv6thp34e21k65c', '2017-07-05', 71, 57),
(454, '127.0.0.1', 'qbs0htonr9kbck90br49fospck', '2017-07-05', 71, 57),
(455, '127.0.0.1', 'mvdh22ctqbi62vv9ub598r3h0j', '2017-07-05', 72, 57),
(456, '127.0.0.1', 'oth0i09el8hnsch6g5hjoouj0g', '2017-07-05', 72, 57),
(457, '127.0.0.1', '3qhjrs47r906dtmqd8aaua9vpe', '2017-07-05', 72, 57),
(458, '127.0.0.1', 'siid8glclkv7ld4ku5t4ikthmb', '2017-07-05', 72, 57),
(459, '127.0.0.1', 'eup58dbdojt6din1kcka9r4ns2', '2017-07-05', 72, 57),
(460, '127.0.0.1', 'tnor6u9q5d907r3mqtpi5d5aou', '2017-07-05', 72, 57),
(461, '127.0.0.1', 'b9o5f2jkakca1lfced52b1nl8j', '2017-07-05', 72, 57),
(462, '127.0.0.1', 'cl4erdakr6b9if0547cs2e7gtn', '2017-07-05', 72, 57),
(463, '127.0.0.1', 'mfh8e86n895m90r4vobvef7c5n', '2017-07-05', 72, 57),
(464, '127.0.0.1', 'f83bmdu1utkqv4trtrqrpudk48', '2017-07-05', 72, 57),
(465, '127.0.0.1', 'd1ifhd9v549bihp7484bso00mv', '2017-07-05', 72, 57),
(466, '127.0.0.1', '3ivq8sbu0okmskbfh2vnd60ihj', '2017-07-03', 67, 57),
(467, '127.0.0.1', 'ppstlmnf93p0kj531legi4uajj', '2017-07-03', 67, 57),
(468, '127.0.0.1', 'e7pj0hvgjuig79680mgbbkko1d', '2017-07-05', 68, 57),
(469, '127.0.0.1', 'v2mm87gvt5dn0da2r0llbdm6su', '2017-07-08', 62, 56),
(470, '127.0.0.1', 'ek5l5qjhimrofj5tibnfgl10oh', '2017-07-08', 62, 56),
(471, '127.0.0.1', 'sc5ttijm0h3voivelk73igvo2t', '2017-07-06', 72, 57),
(472, '127.0.0.1', 'gh7a8kb9ago3dfg956gafm1a8p', '2017-07-05', 70, 57),
(473, '127.0.0.1', '0nvj3kmj7aspf5ac167t5cuvh3', '2017-07-05', 70, 57),
(474, '127.0.0.1', 'pb9e1f89si3smj2iim3sl0jfh9', '2017-07-05', 70, 57),
(475, '127.0.0.1', '828cmikasrhaptlja15hcfajgo', '2017-07-05', 70, 57),
(476, '127.0.0.1', 'nlqh0nm5us89dujaagomo5icr5', '2017-07-05', 69, 57),
(477, '127.0.0.1', 'r5cf59vpr619pjchjs024b3ffg', '2017-07-05', 69, 57),
(478, '127.0.0.1', '42c3fm90srh2n8q74gs7ekjl0t', '2017-07-03', 67, 57),
(479, '127.0.0.1', 'pi4g5tnaq09h1mc7457ji094en', '2017-07-03', 67, 57),
(480, '127.0.0.1', '8knit5mblhjedrnsvnc5c3plpv', '2017-07-04', 66, 57),
(481, '127.0.0.1', 'abf0gggshuslfpjsjto0s8ukm4', '2017-07-04', 66, 57),
(482, '127.0.0.1', 's9796c78jvm2hsgbcf1et0hgar', '2017-07-05', 67, 57),
(483, '127.0.0.1', '1p88fe4seq0ruq0sb6p4ph9eu0', '2017-07-04', 66, 57),
(484, '127.0.0.1', 'j1suft8s4vu001bakcqj2g0e19', '2017-07-04', 67, 57),
(485, '127.0.0.1', 'bq1r07s9bntcamirsevijpo79i', '2017-07-05', 70, 57),
(486, '127.0.0.1', 'f2rr44udnkcon3liedap281bi6', '2017-07-04', 67, 57),
(487, '127.0.0.1', 'el4ik7hrmklninih2af4tkfaqq', '2017-07-04', 67, 57),
(488, '127.0.0.1', '3rlthf9tu8kiokjnfhtsmdg0o0', '2017-07-04', 67, 57),
(489, '127.0.0.1', 'bkov79uagcss40d1o96n2m45ho', '2017-07-04', 68, 57),
(490, '127.0.0.1', 's0j0ojg5v0v8897u11nul67p67', '2017-07-04', 68, 57),
(491, '127.0.0.1', 'gonol4krmlrvopsj8dqmnitqd5', '2017-07-04', 68, 57),
(492, '127.0.0.1', '8kbimh0ahr9mbeqtts58t878o5', '2017-07-04', 68, 57),
(493, '127.0.0.1', '1u5ocf6n1upqtqa188h72a3q7s', '2017-07-04', 68, 57),
(494, '127.0.0.1', 'cmr6l2e3l6e2cm7tjivack5k4p', '2017-07-04', 66, 57),
(495, '127.0.0.1', 'ek5l5qjhimrofj5tibnfgl10oh', '2017-07-04', 66, 57),
(496, '127.0.0.1', '89ko31botkju7qs391ekg5q6ic', '2017-07-04', 66, 57),
(497, '127.0.0.1', '1viljug86s49p3j72fcd67d8e3', '2017-07-04', 66, 57),
(498, '127.0.0.1', '384telg1agr8fmbubm5eq5t7i0', '2017-07-04', 66, 57),
(499, '127.0.0.1', 'cg0e7jcon7pjrvmf178oc2smtd', '2017-07-03', 68, 57),
(500, '127.0.0.1', 'pdsc9t080ivsqfpn70k84h6593', '2017-07-02', 66, 57),
(501, '127.0.0.1', 'onefqfnn7ohkjg3m817vcookpc', '2017-07-02', 66, 57),
(502, '127.0.0.1', 'unmp2hr1c1428s07iro24540oa', '2017-07-02', 66, 57),
(503, '127.0.0.1', '0ohuk7bl2qjhk396pdfgba72nb', '2017-07-02', 66, 57),
(504, '127.0.0.1', '1afor3a8a4pg2r69k6t2l98fc1', '2017-07-05', 66, 57),
(505, '127.0.0.1', '1s5k5hd33hg1gqmq9q4ho34e8m', '2017-07-05', 66, 57),
(506, '127.0.0.1', 'ke4j42tp4uea2t09o1vmoutt1d', '2017-07-05', 66, 57),
(507, '127.0.0.1', 'f994oic3k8ni5bcd4nkjpetjh7', '2017-07-05', 66, 57),
(508, '127.0.0.1', 'gcj97bv6phgqhp3b2sagjlp2jg', '2017-07-05', 66, 57),
(509, '127.0.0.1', 'epmpmdguai401ruc7mat3j9pp4', '2017-07-05', 66, 57),
(510, '127.0.0.1', 'fn5ki6ftssqq85rmku972tfro6', '2017-07-05', 66, 57),
(511, '127.0.0.1', 'b4nhba6ncmsubcgng670qqngt7', '2017-07-05', 66, 57),
(512, '127.0.0.1', '23mgr2m5gdqi5kuahlnm6hh45s', '2017-07-05', 66, 57),
(513, '127.0.0.1', '7rdbsdfgqb0a1n3d0ahdgafkto', '2017-07-05', 66, 57),
(514, '127.0.0.1', 'qv75946jcbm2ifj6asuf49pie6', '2017-07-05', 66, 57),
(515, '127.0.0.1', 'hvvut4vivbrmnsm6r5701u0uo8', '2017-07-05', 66, 57),
(516, '127.0.0.1', 'gheiencjcnunnt3a3u8meeo4po', '2017-07-02', 66, 57),
(517, '127.0.0.1', 'hk8ilp77gp5cp14inu46f3bgcd', '2017-06-30', 66, 57),
(518, '127.0.0.1', '1gn2eucsfp41c6tfcsaocmsjk9', '2017-06-30', 66, 57),
(519, '127.0.0.1', 'ida05q002g6q2o6bou1oje05bv', '2017-06-30', 66, 57),
(520, '127.0.0.1', 'lm0lvf2t89m6bi2jb9mcsmljoq', '2017-06-29', 66, 57),
(521, '127.0.0.1', '8j0r53ve9m3caehfe647sgdurn', '2017-06-29', 66, 57),
(522, '127.0.0.1', '45qif8qlhb6m53fud4867bobv3', '2017-06-27', 66, 57),
(523, '127.0.0.1', 'j606r8lsu8d9t3i7qs9enq8585', '2017-06-27', 66, 57),
(524, '127.0.0.1', 'vg9bj8m4htva36c2gb640kkqh3', '2017-06-27', 66, 57),
(525, '127.0.0.1', '5u88hp5kr1sbll8bhgj19mc0ug', '2017-06-27', 66, 57),
(526, '127.0.0.1', 'gqjdbv00bbprrmenpeeinelrgj', '2017-06-27', 66, 57),
(527, '127.0.0.1', 'i3tbvki5eg5ji2g5qpsi5f2s9u', '2017-06-28', 66, 57),
(528, '127.0.0.1', '7nbecd2mv0b4gn04um8renj6er', '2017-06-28', 66, 57),
(529, '127.0.0.1', 'kcb77jpu2hfqct5h2op4b4qgvd', '2017-06-29', 66, 57),
(530, '127.0.0.1', 'pa6u9pnfedpe9ikhf6dng0gvlj', '2017-06-29', 66, 57),
(531, '127.0.0.1', 's0tfeiisiqslhk5j6tujedp9i5', '2017-06-29', 66, 57),
(532, '127.0.0.1', '8bs2r1bu311h6j6001b85u98vd', '2017-06-30', 66, 57),
(533, '127.0.0.1', '29vmfcjilcljf91ca6pdgl4oui', '2017-06-30', 66, 57),
(534, '127.0.0.1', 'qg0g340v556v4ip5km5bbokpvn', '2017-07-01', 66, 57),
(535, '127.0.0.1', 'h1maeaptjfev0t4uq9ekgvnu0l', '2017-07-01', 66, 57),
(536, '127.0.0.1', '239j8d9t148v5hn1l6g5q3cird', '2017-07-03', 68, 57),
(537, '127.0.0.1', '5n1iapfe7uc0f2r5jc8ggg788q', '2017-07-03', 69, 57),
(538, '127.0.0.1', 'p85e1dc717nakdvcir85iik9mi', '2017-07-03', 69, 57),
(539, '127.0.0.1', '4hpji0p14t4q8gaj6t6dd8nq2k', '2017-07-03', 69, 57),
(540, '127.0.0.1', '19m8s41thc6v9tj6fibq2a212u', '2017-07-03', 69, 57),
(541, '127.0.0.1', 'or350e8t17mrfaadpbskm7dk2n', '2017-07-03', 70, 57),
(542, '127.0.0.1', '6euv4b7he19s2qoi7ksj4uja5k', '2017-07-03', 70, 57),
(543, '127.0.0.1', 'pladcu6g125jmmembph7dluel5', '2017-07-03', 70, 57),
(544, '127.0.0.1', 'q5t3n2fs7nr52idtoim0hc5sji', '2017-07-03', 71, 57),
(545, '127.0.0.1', '3fn531696dp4kfgsg27qga2olg', '2017-07-03', 71, 57),
(546, '127.0.0.1', '6r3frng5jbe8q3arlnlakmlhij', '2017-07-03', 71, 57),
(547, '127.0.0.1', 'gprhfnp8jseptaj79ap7hm6jqv', '2017-07-03', 71, 57),
(548, '127.0.0.1', '6vaf8vtcr4uqjsanjqrda1k34o', '2017-07-03', 72, 57),
(549, '127.0.0.1', 'hq3bgufkcmiq81krfn926tuo2n', '2017-07-03', 72, 57),
(550, '127.0.0.1', 'd6ljft4n0nqlh8567ikdau3ml7', '2017-07-03', 72, 57),
(551, '127.0.0.1', 'a4kdd6o770gepdajf8sggr0cms', '2017-07-03', 66, 57),
(552, '127.0.0.1', 'nqpeqf1fid6tumh5heet7t6hh5', '2017-07-03', 66, 57),
(553, '127.0.0.1', 'aibcn0t8dod05loni9plqf6eqa', '2017-07-04', 66, 57),
(554, '127.0.0.1', 'e6qso9dammd3rrtt27l8skbfr6', '2017-07-04', 66, 57),
(555, '127.0.0.1', 'k6mr59g6pd2n6bu6qq50kff7ot', '2017-07-04', 66, 57),
(556, '127.0.0.1', 'vsvg42ln9jedsoucp894te50m7', '2017-07-04', 69, 57),
(557, '127.0.0.1', '4fodm16pgtkf8bu2pq475fun4i', '2017-07-04', 69, 57),
(558, '127.0.0.1', 'cf8m7c7cn1f491qrls5fj8bdat', '2017-07-04', 69, 57),
(559, '127.0.0.1', 'l089r64u5gmg8iiag13ntbdjs8', '2017-07-04', 69, 57),
(560, '127.0.0.1', 'npmctstvdc78cku3fen5d6910l', '2017-07-04', 66, 57),
(561, '127.0.0.1', '59r92i96e9iib0nsufs5hum38h', '2017-07-04', 70, 57),
(562, '127.0.0.1', 'nfk6bfumv58653tbvg8f4ab73h', '2017-07-04', 70, 57),
(563, '127.0.0.1', 'qu7ito3ivr3s0arnm7na68l109', '2017-07-04', 71, 57),
(564, '127.0.0.1', '2vimtf7d1m6e893a1qq8ea3uke', '2017-07-04', 71, 57),
(565, '127.0.0.1', '8hcdb6hn4fgi14h2104hc3oada', '2017-07-04', 71, 57),
(566, '127.0.0.1', 'hkg2thduu1c93k60g7u9d7kttd', '2017-07-04', 71, 57),
(567, '127.0.0.1', '4ko81ra8tpql6tqr5b2vgv5sqh', '2017-07-04', 72, 57),
(568, '127.0.0.1', '2bceod5q1dc5rjbq9vjbpuljht', '2017-07-04', 72, 57),
(569, '127.0.0.1', '7jcgpfda6g4r7d8ij3ntpdn4qv', '2017-07-05', 72, 57),
(570, '127.0.0.1', 'buruu7o2rimkb6btf35dpsdt7l', '2017-07-05', 72, 57),
(571, '127.0.0.1', 'nld2pprplhnp4383bgb8reh1u5', '2017-07-05', 72, 57),
(572, '127.0.0.1', '9hqd31ldrsvtr5cam3o2p6qk7f', '2017-07-02', 67, 57),
(573, '127.0.0.1', 'gih6vsm0gv5o04pfndem938ql2', '2017-07-02', 67, 57),
(574, '127.0.0.1', '9piifqo1bkt6agdo9d95e3r61o', '2017-07-02', 67, 57),
(575, '127.0.0.1', '7ohvlko88187l81hqjqotv54ds', '2017-07-02', 67, 57),
(576, '127.0.0.1', 't6up5e5s4j1s8cd9psiggp5u9k', '2017-07-02', 67, 57),
(577, '127.0.0.1', 'amfit0maq59bhs0918ksspt8g1', '2017-07-02', 67, 57),
(578, '127.0.0.1', '9s0poi3nd2p636tvsl8f8io9rs', '2017-07-02', 67, 57),
(579, '127.0.0.1', '4cb9qvv4vn458hefgv1ctr0jrk', '2017-07-02', 67, 57),
(580, '127.0.0.1', '7bglc7ilrqqelielcgirsqt8gj', '2017-07-02', 68, 57),
(581, '127.0.0.1', '7se98olqlitblg0q5lb60ju7mk', '2017-07-02', 68, 57),
(582, '127.0.0.1', 'oeo59n6ecn261hpiknan2saqtb', '2017-07-02', 68, 57),
(583, '127.0.0.1', '3orc6s1pmu66g786rjll8sploi', '2017-07-02', 68, 57),
(584, '127.0.0.1', '1mf0b6nb3s4naqs40gros1k494', '2017-07-02', 68, 57),
(585, '127.0.0.1', '8co9uu5ttdhkq1ot7vcrr6hbe1', '2017-07-02', 68, 57),
(586, '127.0.0.1', 'avudaf0lfb54gjar1i4t075m77', '2017-07-02', 68, 57),
(587, '127.0.0.1', 'vesmc8ta1k7skkv0oeesebtba1', '2017-07-02', 68, 57),
(588, '127.0.0.1', 'dk9170u7aqo9s5tl7hmicu46df', '2017-07-02', 69, 57),
(589, '127.0.0.1', 'tugjeiv685ph4oi8g3bvc9cs75', '2017-07-02', 69, 57),
(590, '127.0.0.1', 'fagh4fesi9181fjnvh8lr43fn2', '2017-07-02', 69, 57),
(591, '127.0.0.1', 'fevsbqif2u87767v61dm6n1f28', '2017-07-02', 69, 57),
(592, '127.0.0.1', 'nn42geu1c6v85cku2fvdbfvpgk', '2017-07-02', 69, 57),
(593, '127.0.0.1', 'o066edues34092do7m091v6pq5', '2017-07-02', 70, 57),
(594, '127.0.0.1', 'pj6q3elkoe4akgul35dfhhtd5j', '2017-07-02', 70, 57),
(595, '127.0.0.1', 'jjn2fhi5gedgfu1tnsbmcke05k', '2017-07-02', 70, 57),
(596, '127.0.0.1', '4k09efdjlci77tpksia8lt0ea0', '2017-07-02', 70, 57),
(597, '127.0.0.1', '0h35qjkdnnsq7455mcta1iei9r', '2017-07-02', 70, 57),
(598, '127.0.0.1', '1qou6kt3mva6jds49glf9a924u', '2017-07-02', 70, 57),
(599, '127.0.0.1', 'phmbdsi2rp88thpb3fuknoji7s', '2017-07-02', 71, 57),
(600, '127.0.0.1', 'c88167egp0vvinl7063g7fglqi', '2017-07-02', 71, 57),
(601, '127.0.0.1', 'cfv0kj2ckssmn2847hibb68rdf', '2017-07-02', 71, 57),
(602, '127.0.0.1', 'cohvvr8vo40eetak1c357d6h6c', '2017-07-02', 71, 57),
(603, '127.0.0.1', '0n61lreq25t7e9hoqm9g14nfl1', '2017-07-02', 71, 57),
(604, '127.0.0.1', 'o0fr9f6gd7dqqqblp6cdf8anqk', '2017-07-02', 72, 57),
(605, '127.0.0.1', 'c9nvev2btumbdofg9o3n4rns97', '2017-07-02', 72, 57),
(606, '127.0.0.1', 'b36fa7jcqhovrr4ljjiduopubi', '2017-07-02', 72, 57),
(607, '127.0.0.1', '7n6io19ta83qos9qq5u92mhsha', '2017-07-02', 72, 57),
(608, '127.0.0.1', '5d6v1e1scf3v1mmsmp2mlqgnlg', '2017-07-02', 72, 57),
(609, '127.0.0.1', '0pksd3ubniiuk29qe8gep5r0gc', '2017-07-02', 69, 57),
(610, '127.0.0.1', '14mum9hmncgv1go624tn69b798', '2017-07-02', 69, 57),
(611, '127.0.0.1', '8s99bqlp6ol602gggsvi0an30g', '2017-06-30', 66, 57),
(612, '127.0.0.1', 'vfvs9d1ed83rlp005lpb1hruk1', '2017-06-30', 66, 57),
(613, '127.0.0.1', 'eb5jeatp133qis4222mr3qn95s', '2017-06-30', 66, 57),
(614, '127.0.0.1', '3frm9mpfgo31ta0u5te3mapvue', '2017-06-30', 66, 57),
(615, '127.0.0.1', 't3gi134m915ft16k37peqgag4u', '2017-06-30', 67, 57),
(616, '127.0.0.1', 'jubfdlt8q07tnbnna311p2cdkc', '2017-06-30', 67, 57),
(617, '127.0.0.1', 'ecfg9iso6k9k8qqe34ti0gi5ms', '2017-06-30', 67, 57),
(618, '127.0.0.1', 'ej7978i3v6bvcgvrug7gjfn97o', '2017-06-30', 67, 57),
(619, '127.0.0.1', '74g3tij9gghmuhvul6h927fucp', '2017-06-30', 67, 57),
(620, '127.0.0.1', '97s6b8ghm4n1jjeuiapb59h4bg', '2017-06-30', 67, 57),
(621, '127.0.0.1', '42q9udvijd35njjv70kflk3rbs', '2017-06-30', 67, 57),
(622, '127.0.0.1', 'rvsgpm3l51l4e9oedu3civru94', '2017-06-30', 67, 57),
(623, '127.0.0.1', 'lvhd9h52uf1qm06vhoeqp6fgdg', '2017-06-30', 68, 57),
(624, '127.0.0.1', 'vice3me7cund6e05dair9msmtr', '2017-06-30', 68, 57),
(625, '127.0.0.1', 'p8ul0k8lea75p2nmd2ogcj6e7i', '2017-06-30', 68, 57),
(626, '127.0.0.1', 'cqeteichf6j3ono7064brottrn', '2017-06-30', 69, 57),
(627, '127.0.0.1', 'qsqqb36au9dad8pvjh57l8vkgh', '2017-06-30', 69, 57),
(628, '127.0.0.1', 'edre02ujvu6ti407dqos1t4ase', '2017-06-30', 69, 57),
(629, '127.0.0.1', '8k2cj7b0m4u0f5fgs760is6vjj', '2017-06-30', 69, 57),
(630, '127.0.0.1', 'tak0rrhn9ancsf1tahu2r56dnt', '2017-06-30', 69, 57),
(631, '127.0.0.1', 'si0rtcdmo0kq87hjo0fs5usuf4', '2017-06-30', 69, 57),
(632, '127.0.0.1', '1sgbk6m9fl6a756ap27t0be7bt', '2017-06-30', 69, 57),
(633, '127.0.0.1', '6n4ocm8vcujoja24dm8163usm7', '2017-06-30', 69, 57),
(634, '127.0.0.1', 'qct63dd2p7h9ktdhj3j86rkuug', '2017-06-30', 69, 57),
(635, '127.0.0.1', 'ba649iigsr5gr9stkuo4tbepjt', '2017-06-30', 69, 57),
(636, '127.0.0.1', 'a6qvo8tbqtsep5rlb4gi3prap1', '2017-06-30', 69, 57),
(637, '127.0.0.1', 'r1l20ef5tkvqe52oijto644v7v', '2017-06-30', 69, 57),
(638, '127.0.0.1', '84rvm118ijrqq82k0bhm0b9fta', '2017-06-30', 69, 57),
(639, '127.0.0.1', 'k0tv0nkdln1j8e38odbb1vng8i', '2017-06-30', 70, 57),
(640, '127.0.0.1', '1f6qvhi9u4nfnmofnath1c286g', '2017-06-30', 70, 57),
(641, '127.0.0.1', 'orealft9pgeknnh62mv80dvc0k', '2017-06-30', 70, 57),
(642, '127.0.0.1', 'putpbn6nhghjmji812r2u5eidh', '2017-06-30', 71, 57),
(643, '127.0.0.1', 'qff47dv7ie08dljkqpp755mlps', '2017-06-30', 71, 57),
(644, '127.0.0.1', 'uuv34g4grp8di8gvdgvsuaei5a', '2017-06-30', 71, 57),
(645, '127.0.0.1', 'tehusioe7n28m0b3gkv24rnpfd', '2017-06-30', 71, 57),
(646, '127.0.0.1', 'tl467avg6mjug25lutpr3rffss', '2017-06-30', 71, 57),
(647, '127.0.0.1', 'gfoneeskhgse1ia8kerim7s464', '2017-06-30', 71, 57),
(648, '127.0.0.1', '1uhp7mq3mcdrnv7pa44jdlobi1', '2017-06-30', 71, 57),
(649, '127.0.0.1', 'd56hmilk2ip2dat44i5pcnclvp', '2017-06-30', 72, 57),
(650, '127.0.0.1', 'cn3872pbfucat3qj4iu1t6elrt', '2017-06-30', 72, 57),
(651, '127.0.0.1', 'pbm8j5l0kp1llu0juurlh9esnd', '2017-06-30', 72, 57),
(652, '127.0.0.1', 'ehcr3u8inume005q3tbfkqlasa', '2017-06-30', 72, 57),
(653, '127.0.0.1', 'age7dvfbnks1nme8jro8odo3b8', '2017-06-30', 72, 57),
(654, '127.0.0.1', 't0tb51k7bgjqeaunj582unuf7u', '2017-06-30', 72, 57),
(655, '127.0.0.1', 'rkndoph1u343996bt8hhi28l1e', '2017-06-30', 72, 57),
(656, '127.0.0.1', 'jf3uob8jjm5mhf90f138g386e1', '2017-06-30', 72, 57),
(657, '127.0.0.1', 'dfriv0a9toujqfhvo1p50r366v', '2017-06-30', 72, 57),
(658, '127.0.0.1', 'smdon6com31vqeg6nocj6r9spg', '2017-06-30', 72, 57),
(659, '127.0.0.1', 'uhoqmlgvlafrdlvppqctd906rj', '2017-06-30', 72, 57),
(660, '127.0.0.1', 'su0hi3711cdbr2n5qlkp7rsf5e', '2017-06-30', 72, 57),
(661, '127.0.0.1', 'vgtaqhj0guukkijv66j0id9ik3', '2017-06-30', 72, 57),
(662, '127.0.0.1', 'kpr3ei1oe4823u8p3i81gs0t5j', '2017-06-29', 72, 57),
(663, '127.0.0.1', 'lu4p42llev09ijjof560d99ke8', '2017-06-29', 66, 57),
(664, '127.0.0.1', 'e98skdnuk6s8k4aa1db5rv0qlb', '2017-06-29', 66, 57),
(665, '127.0.0.1', 'tatalbkr0tl87e0177o1j1fdme', '2017-06-29', 66, 57),
(666, '127.0.0.1', 'f4m5817tdcnvsl2afpdgf9s8r7', '2017-06-29', 66, 57),
(667, '127.0.0.1', 'kaftfvdi4g0nh18ldll1mshnoq', '2017-06-29', 66, 57),
(668, '127.0.0.1', 'iu397610gspesfn5bi541jh4ql', '2017-06-29', 66, 57),
(669, '127.0.0.1', 'ltrk6efarenthst94uo0lc4a35', '2017-06-29', 66, 57),
(670, '127.0.0.1', 'votriif7cpbnu77j1a693ce7br', '2017-06-29', 66, 57),
(671, '127.0.0.1', 's9m1rge5hmjdin2bce0731jfuk', '2017-06-29', 66, 57),
(672, '127.0.0.1', 'la0t06nq323qtg3d7jm3l0gtom', '2017-06-29', 66, 57),
(673, '127.0.0.1', 'k5rdjjf45tuhbpkh13ul994tqm', '2017-06-29', 67, 57),
(674, '127.0.0.1', 'ng88kpihl3us4lk9ebnj8gr9g6', '2017-06-29', 67, 57),
(675, '127.0.0.1', '9kp62ugm7l249qd56q0o1m9fbk', '2017-06-29', 67, 57),
(676, '127.0.0.1', '0lu38emau1l4ulcumhrea2597d', '2017-06-29', 67, 57),
(677, '127.0.0.1', 'ltukdjhpqgj7m5sofdqlqeriq9', '2017-06-29', 67, 57),
(678, '127.0.0.1', '5d93uacirnc6d7rfko0v6om21t', '2017-06-29', 67, 57),
(679, '127.0.0.1', 'rqvok3p5231sq3bi6abcm57il4', '2017-06-29', 67, 57),
(680, '127.0.0.1', 'b6au14qqsf7e72icsfs4escn1g', '2017-06-29', 67, 57),
(681, '127.0.0.1', 'd40sda1d73kumva00tdre5ui8v', '2017-06-29', 67, 57),
(682, '127.0.0.1', 'k7dtatmltr2d73f5bg3c5s97vs', '2017-06-29', 67, 57),
(683, '127.0.0.1', '5sud3sa93qg5a09uqs5r0b464a', '2017-06-29', 68, 57),
(684, '127.0.0.1', 'lhema58kfh0k1ccco9u1q07nlr', '2017-06-29', 68, 57),
(685, '127.0.0.1', 'lk4bjt52lphdh80pj3s9apgcc0', '2017-06-29', 68, 57),
(686, '127.0.0.1', 'lh3m2ife5ed94msvehpem9i925', '2017-06-29', 68, 57),
(687, '127.0.0.1', '2ftem1n3ftc6uhgn3go2js6e36', '2017-06-29', 69, 57),
(688, '127.0.0.1', 'ul8v21jflmvitbbee49s424bf1', '2017-06-29', 69, 57),
(689, '127.0.0.1', 'stqaee0uckt86qa9r8d3gg9rak', '2017-06-29', 69, 57),
(690, '127.0.0.1', 't1eofs3d40go9t9q3rdpavlmdh', '2017-06-29', 69, 57),
(691, '127.0.0.1', '1m6je655e40jddl18pkfrslbkd', '2017-06-29', 69, 57),
(692, '127.0.0.1', '607r1f172fjhuu5rkvf1glhr6u', '2017-06-29', 69, 57),
(693, '127.0.0.1', 'rt8v90b2qb3snvdl86n5ef4t9l', '2017-06-29', 69, 57),
(694, '127.0.0.1', 'm3lisif5e7bufc6d9oqgckqjgl', '2017-06-29', 69, 57),
(695, '127.0.0.1', 'itvhcclpi54pla72h4nvc89m9g', '2017-06-29', 69, 57),
(696, '127.0.0.1', '6ju9ovjidaqbvohlq861rl88fn', '2017-06-29', 69, 57),
(697, '127.0.0.1', '3i3bh84knie3tbgnb6tmojfpco', '2017-06-29', 70, 57),
(698, '127.0.0.1', 'aaud1t3uqlrcp9m10qn45hovtj', '2017-06-29', 70, 57),
(699, '127.0.0.1', '3r5h6oriofki9fc44efdqd6jok', '2017-06-29', 70, 57),
(700, '127.0.0.1', 'aj7vh5cbdqrtb5kkhs1p4pph33', '2017-06-29', 70, 57),
(701, '127.0.0.1', 'l46tfqu5l1rjlggop6ghvsdmpj', '2017-06-29', 71, 57),
(702, '127.0.0.1', '7okq266l51n6g1n2dgn358ssci', '2017-06-29', 71, 57),
(703, '127.0.0.1', 'p6nh0o2vp6ump32e5o51s8qb8i', '2017-06-29', 71, 57),
(704, '127.0.0.1', '8ri79lt87id1j06dpr7faq4pac', '2017-06-29', 71, 57),
(705, '127.0.0.1', 'iicupbkdoggthmv0gc9g8hkk1t', '2017-06-29', 71, 57),
(706, '127.0.0.1', '8kvc0o66gj2ia36jm5nedj5od5', '2017-06-29', 71, 57),
(707, '127.0.0.1', 'e47g4p0lbcf9c7sg42besmqv2c', '2017-06-29', 71, 57),
(708, '127.0.0.1', 'kg4vbl74glc9tv210sbq91g1tl', '2017-06-29', 71, 57),
(709, '127.0.0.1', '9ljmeed8o6brovf7leakejfmu0', '2017-06-29', 71, 57),
(710, '127.0.0.1', '4e9d3c2higriqlem4457u78frs', '2017-06-29', 72, 57),
(711, '127.0.0.1', '7d346buevguc6smr41q3lluhko', '2017-06-29', 72, 57),
(712, '127.0.0.1', '4ovduoj2sl3k4p93g915ov8uu3', '2017-06-29', 72, 57),
(713, '127.0.0.1', 'tp7gefrrk12o1s1hqhpm2mp0gq', '2017-06-29', 72, 57),
(714, '127.0.0.1', 'stlvr870a3ks8jr2m0q8e34qp1', '2017-06-29', 72, 57),
(715, '127.0.0.1', '8b3egtvdnj5qpvspsie43k2uqc', '2017-06-29', 72, 57),
(716, '127.0.0.1', '5binc04m6q7iikce2fsndnkfah', '2017-06-29', 72, 57),
(717, '127.0.0.1', 'riu34paaq68ub7dkhetl3ua966', '2017-06-29', 72, 57),
(718, '127.0.0.1', 'riasm8433m4f4saq831n3ldf45', '2017-06-29', 72, 57),
(719, '127.0.0.1', 'tk4jn776i7mav5nca0po4hlufi', '2017-06-29', 72, 57),
(720, '127.0.0.1', 'b6kvibfm0bhjiob5vmoluc4cgn', '2017-06-29', 69, 57),
(721, '127.0.0.1', '6lk2f7ipf6e7ukufj9u6dgq798', '2017-06-29', 69, 57),
(722, '127.0.0.1', 'bl7g3c8e2h4nmr5skniivanpee', '2017-06-29', 69, 57),
(723, '127.0.0.1', '8qkblb3ia2h3jqti2bqv2haasp', '2017-06-27', 67, 57),
(724, '127.0.0.1', 'olggciqusrgvai7mviid4oftgf', '2017-06-27', 67, 57),
(725, '127.0.0.1', 'oj4lm7a4cvu0t106j834jqoe6u', '2017-06-27', 67, 57),
(726, '127.0.0.1', 'fdtd66d1q10e2vsv0n7fmihhvg', '2017-06-27', 67, 57),
(727, '127.0.0.1', 'hqqhitms3da79r8i07lko7qt4l', '2017-06-27', 67, 57),
(728, '127.0.0.1', '8c2celh5djjevi8dtqk7asp1rs', '2017-06-27', 67, 57),
(729, '127.0.0.1', '8pgbsjs5q2egdpvlce0eoktuh5', '2017-06-27', 67, 57),
(730, '127.0.0.1', 'mcppcu8luvm1pr21vmru12n4km', '2017-06-27', 68, 57),
(731, '127.0.0.1', 'v6pdn7uanrv6u7ruqt31neu39b', '2017-06-27', 68, 57),
(732, '127.0.0.1', 'bgoibsdkj14qcva7e25et6h4ob', '2017-06-27', 68, 57),
(733, '127.0.0.1', '6hn0t1o57imeafsi22fco2prph', '2017-06-27', 68, 57),
(734, '127.0.0.1', 'la152o9sls031o0ma5vsktk15q', '2017-06-27', 68, 57),
(735, '127.0.0.1', '2erlkt8se53pqibphr6lsdhbne', '2017-06-27', 68, 57),
(736, '127.0.0.1', 'lk7ee7uushs138mspee7me45vj', '2017-06-27', 68, 57),
(737, '127.0.0.1', 'tf3a83jq5b88hqm27ean6v01pj', '2017-06-27', 69, 57),
(738, '127.0.0.1', 'ptq2eg3psp9k6h52c489s2nut2', '2017-06-27', 69, 57);
INSERT INTO `answer` (`id`, `ipAdress`, `session`, `answerDate`, `answer_id_id`, `last_survey`) VALUES
(739, '127.0.0.1', '9j7to9r7dc3sgtv3samr13t1ma', '2017-06-27', 69, 57),
(740, '127.0.0.1', '5m308okhihs8eeh5ht8kmn46n9', '2017-06-27', 69, 57),
(741, '127.0.0.1', '3fb6e8mv7a31ac31hki8q1u19t', '2017-06-27', 69, 57),
(742, '127.0.0.1', 'inqr3nh4f3fpg5i1tqhrfm51r5', '2017-06-27', 70, 57),
(743, '127.0.0.1', 'qusmhkne97ap8fgrqhvt626h8k', '2017-06-27', 70, 57),
(744, '127.0.0.1', '7tuth5s54qr97fhs7hea5qhpb4', '2017-06-27', 70, 57),
(745, '127.0.0.1', 'ss2jc267so4bpb8e82mp78mb9m', '2017-06-27', 70, 57),
(746, '127.0.0.1', 'ksk91983794asd59ge0jlgeukn', '2017-06-27', 71, 57),
(747, '127.0.0.1', '7k2l8mcsjnkvlu7o82caccl73b', '2017-06-27', 71, 57),
(748, '127.0.0.1', 'eefvfbh1qgoeb3d1ue5d8rb9p6', '2017-06-27', 71, 57),
(749, '127.0.0.1', '676854bkpgij2p2fmast1s24a3', '2017-06-27', 71, 57),
(750, '127.0.0.1', 'hpn617bt45q67rf59t7sk0djs7', '2017-06-27', 71, 57),
(751, '127.0.0.1', 's0gkkji5gl4r24l9p9mnd05s6l', '2017-06-27', 71, 57),
(752, '127.0.0.1', 't2dermjpqpc2hjv9ad788vrr1g', '2017-06-27', 71, 57),
(753, '127.0.0.1', '5phohdjc3sna77cdp02e0nshqu', '2017-06-27', 71, 57),
(754, '127.0.0.1', '62iid8fp7e1cnoij60kvmpf8ms', '2017-06-27', 72, 57),
(755, '127.0.0.1', 'rg4c2dktv5buf3bue15la681ko', '2017-06-27', 72, 57),
(756, '127.0.0.1', '7krb69cokf2qa1emlg0ne62858', '2017-06-27', 72, 57),
(757, '127.0.0.1', '02fh89ec4s88iu2n12c3n251gg', '2017-06-27', 72, 57),
(758, '127.0.0.1', 'un6dguip8etqinjhkf10dtajdc', '2017-06-27', 72, 57),
(759, '127.0.0.1', 'mupe52casnbkld3o4cb9gokimf', '2017-06-27', 72, 57),
(760, '127.0.0.1', 'ld202vqnfvsus5mdp35qskvm8r', '2017-06-28', 72, 57),
(761, '127.0.0.1', '6g130cg70jidlbkr0i6c9qpqh8', '2017-06-28', 72, 57),
(762, '127.0.0.1', 'fbf12t8l211mg482mbjkcm2ul3', '2017-06-28', 72, 57),
(763, '127.0.0.1', 'kqursvm333ghb0lep54n8n60rq', '2017-06-28', 72, 57),
(764, '127.0.0.1', '0k1mqhm3dkqsegj8j49oth6236', '2017-06-28', 72, 57),
(765, '127.0.0.1', 'mjctf3kbkf5hpe7g5mckh948dq', '2017-06-28', 72, 57),
(766, '127.0.0.1', 'mttml9himuj760s4jdijd3i6d3', '2017-06-28', 72, 57),
(767, '127.0.0.1', 'uhiqe4vclirmolh18ks7sfsqnn', '2017-06-28', 72, 57),
(768, '127.0.0.1', 'rt977aco8g3dhun0fhug56fqhs', '2017-06-28', 71, 57),
(769, '127.0.0.1', 'a9g6j1cfuq7dbbnkjgblt9flfr', '2017-06-28', 71, 57),
(770, '127.0.0.1', 'ghj5ulkbrt6p1964ao4dcl1b3s', '2017-06-28', 71, 57),
(771, '127.0.0.1', '6ashfkms0ahmar61ftpn80qolf', '2017-06-28', 71, 57),
(772, '127.0.0.1', 'rjvr2eachf45lj31dli1j97u4c', '2017-06-28', 71, 57),
(773, '127.0.0.1', '2qfd5beclie4kp80vsjgiil8m0', '2017-06-28', 71, 57),
(774, '127.0.0.1', 'jvsstrvn82tsd7c01a08rlq9ec', '2017-06-28', 70, 57),
(775, '127.0.0.1', 'aa1fvm13m3dj8rrah0s17520e5', '2017-06-28', 70, 57),
(776, '127.0.0.1', 'qvmsnrc7vtdptbhq3c1jdkggpq', '2017-06-28', 70, 57),
(777, '127.0.0.1', '42ecpvpmv21988kfmpgr0dr7p6', '2017-06-28', 70, 57),
(778, '127.0.0.1', '7hdmgjm4cvmbvjgrf2om2dqcg6', '2017-06-28', 69, 57),
(779, '127.0.0.1', '6aan34mnsjpsa179taci0fqsor', '2017-06-28', 69, 57),
(780, '127.0.0.1', '4mre83v717eb4ukkl9fql0b88b', '2017-06-28', 69, 57),
(781, '127.0.0.1', '2lkautknktoq0kfjqvetucfdl5', '2017-06-28', 68, 57),
(782, '127.0.0.1', 'jtr21a26n7t9ke6880oghbjqhk', '2017-06-28', 68, 57),
(783, '127.0.0.1', 'rpmudcda8j6ierv6vv9mmvnji0', '2017-06-28', 68, 57),
(784, '127.0.0.1', 'djoas0ak774a93033hl4plj0u1', '2017-06-28', 68, 57),
(785, '127.0.0.1', 'f4vclttrlt8n139mql6bkctbj4', '2017-06-28', 68, 57),
(786, '127.0.0.1', '4l5pscldnv2r8hlgv8v11850ed', '2017-06-28', 68, 57),
(787, '127.0.0.1', 'm28pj0b69a16ts80nn96gb6oje', '2017-06-28', 68, 57),
(788, '127.0.0.1', 'dfrkv5560q466inurrrn9h9161', '2017-06-28', 68, 57),
(789, '127.0.0.1', '88qljpi9im6lviakagpf1f931p', '2017-06-28', 68, 57),
(790, '127.0.0.1', 'q4f7slikh79qs1kjkfbhvjaije', '2017-06-28', 68, 57),
(791, '127.0.0.1', 'huov9es85lroievsvk06od7om1', '2017-06-28', 67, 57),
(792, '127.0.0.1', 'lrntk0ugcsreibiudf37cm110h', '2017-06-28', 67, 57),
(793, '127.0.0.1', 'af09kn7uhkvfg536lddv3srre7', '2017-06-28', 67, 57),
(794, '127.0.0.1', '66jqnfhm58uud73g403pblv4rg', '2017-06-29', 69, 57),
(795, '127.0.0.1', '159kdh63s30iln3ma418ni6gfk', '2017-06-29', 69, 57),
(796, '127.0.0.1', 'uqhvvd7gcpuilq30e6bdn1cqj6', '2017-06-29', 69, 57),
(797, '127.0.0.1', 't7groio17vvvrb6h6ql1lfatrn', '2017-06-29', 69, 57),
(798, '127.0.0.1', 'l268jdo986r3v0c7cf2j5jglse', '2017-06-29', 69, 57),
(799, '127.0.0.1', '09vp6khbi8n5psnugtlk1ee8av', '2017-06-29', 69, 57),
(800, '127.0.0.1', 'u2rocurdklvdt6pidgsoc1gdna', '2017-06-29', 69, 57),
(801, '127.0.0.1', 'dtvd9vil6q5ucdcs66ug0smuvk', '2017-06-29', 69, 57),
(802, '127.0.0.1', 'jblihqtp94k3f9eru6nvs7nka6', '2017-06-29', 69, 57),
(803, '127.0.0.1', 'k07e11hcqgf006qire96nhn9u3', '2017-06-29', 69, 57),
(804, '127.0.0.1', 'qnt9hmndecnfl92ovmssc3psip', '2017-06-29', 69, 57),
(805, '127.0.0.1', 'mfgt8525i8jlv6emq4ssatf0o9', '2017-06-29', 70, 57),
(806, '127.0.0.1', 't8psk0qibh3sv4p6qh0fgidfti', '2017-06-29', 70, 57),
(807, '127.0.0.1', '0gmno9e472fve797jq5o4tl9iu', '2017-06-29', 70, 57),
(808, '127.0.0.1', 'di3sf719ldl4723sjcp0sbdusc', '2017-06-29', 70, 57),
(809, '127.0.0.1', '14kddiv12as1ehp8maesvt04rb', '2017-06-29', 70, 57),
(810, '127.0.0.1', 'qkcp5u7t17qmfl3ar4qif08o94', '2017-06-29', 70, 57),
(811, '127.0.0.1', 'v2fsp0t68s5aei3eipo7i0c0mi', '2017-06-29', 71, 57),
(812, '127.0.0.1', 'ta7jnlhfiskqjtjtjt34tc7sud', '2017-06-29', 71, 57),
(813, '127.0.0.1', 'g6p8ith37gum2e7tae6ovtiroe', '2017-06-29', 71, 57),
(814, '127.0.0.1', '3gfrqusjereda8n0n6iui8p3vm', '2017-06-29', 71, 57),
(815, '127.0.0.1', 'ashc4mnh38khgkk0vhp38bljtl', '2017-06-29', 71, 57),
(816, '127.0.0.1', 'o0l307imh6gkpst2el750m5dem', '2017-06-29', 72, 57),
(817, '127.0.0.1', 'eqmkdhap9oms8i9o2e2jftmtt3', '2017-06-29', 72, 57),
(818, '127.0.0.1', 'oa8kdt51btlqv772t5eg9jher3', '2017-06-29', 72, 57),
(819, '127.0.0.1', '9sktehm7cjmkeubu5qdauuvtjk', '2017-06-29', 72, 57),
(820, '127.0.0.1', '3d6qkc01sunosork11omp2nbfd', '2017-06-29', 67, 57),
(821, '127.0.0.1', 'lln1cnei8h2mvv6qs94ig8uugg', '2017-06-29', 67, 57),
(822, '127.0.0.1', '8vk7i17l7scimpj2ad31ofa4hr', '2017-06-29', 67, 57),
(823, '127.0.0.1', 'ee5brgligtqfiksjmeuah0k1as', '2017-06-29', 67, 57),
(824, '127.0.0.1', 'ctpsl8h5u7gobrs18g6q11lg9p', '2017-06-29', 67, 57),
(825, '127.0.0.1', '4rch5aaf6r3pi1jgjtt51gtbru', '2017-06-29', 68, 57),
(826, '127.0.0.1', '3gnetcg81vpvv72pinibiv98v4', '2017-06-29', 68, 57),
(827, '127.0.0.1', '17i3qj504j7ft984qk1ia533c1', '2017-06-29', 68, 57),
(828, '127.0.0.1', 'rct77ep9g3os4k3gm4v0f9n6l0', '2017-06-30', 67, 57),
(829, '127.0.0.1', 'dqb9qirct0urev4cdk2cpktjb5', '2017-06-30', 67, 57),
(830, '127.0.0.1', 'hm3jlcbnhjo8dlm3d2r5fohqu5', '2017-06-30', 67, 57),
(831, '127.0.0.1', 'cvuarrss859b6s2o6k67mgojs7', '2017-06-30', 67, 57),
(832, '127.0.0.1', 'he9vrpe5a443000qkib50gpiui', '2017-06-30', 67, 57),
(833, '127.0.0.1', 'p3905egqh22ji5959rtt8ilako', '2017-06-30', 67, 57),
(834, '127.0.0.1', '6trk305tlbh9ougl30anqeuqer', '2017-06-30', 67, 57),
(835, '127.0.0.1', 'nvbnfm6n2uqlm3jtlrojr65kqg', '2017-06-30', 67, 57),
(836, '127.0.0.1', 'bf75orcopnst3sgotcb9rfp9n1', '2017-06-30', 67, 57),
(837, '127.0.0.1', '2apcjlhomqi973tqro65l0sgfs', '2017-06-30', 67, 57),
(838, '127.0.0.1', '3ri8l25lfc4100qsfdkkncp2ck', '2017-06-30', 68, 57),
(839, '127.0.0.1', 'eb3l54cumd9ibm9gmu51rmchet', '2017-06-30', 68, 57),
(840, '127.0.0.1', '2fct90re445ea3jh5b32kqr5ki', '2017-06-30', 68, 57),
(841, '127.0.0.1', '2m0rrg0fjltlog3i5mcfi9n8ft', '2017-06-30', 68, 57),
(842, '127.0.0.1', '3mva33sf9ni93v6ma65esudsl5', '2017-06-30', 68, 57),
(843, '127.0.0.1', '9ucugmkig9rqn8qkunhlgr93pf', '2017-06-30', 69, 57),
(844, '127.0.0.1', '5bh7vknjoet3v5c99bphafv51e', '2017-06-30', 69, 57),
(845, '127.0.0.1', 'bfu6tg3dlm4or0qjqgivm70ovm', '2017-06-30', 69, 57),
(846, '127.0.0.1', 'j0v94ppec6tq6ioujb9pei3fka', '2017-06-30', 69, 57),
(847, '127.0.0.1', '8ork59bsrossno1qj808s2no8n', '2017-06-30', 69, 57),
(848, '127.0.0.1', 'b43o9g3egaa6lgsv3j72q4ug8a', '2017-06-30', 70, 57),
(849, '127.0.0.1', '4052093vn586vvp6cgda3jmd6o', '2017-06-30', 70, 57),
(850, '127.0.0.1', 'gbfvikc7vbm0rd2884ac28nvlu', '2017-06-30', 70, 57),
(851, '127.0.0.1', 'hggpai1rtvnjgbd2bhoq0f6a8j', '2017-06-30', 70, 57),
(852, '127.0.0.1', 'qr4h5kaes53ii1bevf53ipn5sq', '2017-06-30', 71, 57),
(853, '127.0.0.1', 'vt32cro655n3lnqa7pg0i8bhqj', '2017-06-30', 71, 57),
(854, '127.0.0.1', 'p61pcpoqldt2apmu13m6pb2h92', '2017-06-30', 71, 57),
(855, '127.0.0.1', '515e71q1ah8nuusp6c2ehum64m', '2017-06-30', 72, 57),
(856, '127.0.0.1', '27ijcmgc898rd9aa32a1abl2u3', '2017-06-30', 72, 57),
(857, '127.0.0.1', '9ln3uuvu1rpfbgtl6uuoaphivb', '2017-06-30', 72, 57),
(858, '127.0.0.1', 'n115e27di31n8d2021jv2ud3k7', '2017-07-01', 67, 57),
(859, '127.0.0.1', 'lfmk5gjq0ud16t0rhdqdu6ti4k', '2017-07-01', 67, 57),
(860, '127.0.0.1', 'mhm777rfma0jlncefoa08i3set', '2017-07-01', 67, 57),
(861, '127.0.0.1', 'cpinsehbgqk9ckqmlcm6kjd22b', '2017-07-01', 67, 57),
(862, '127.0.0.1', '2qig3r6esube1dr1lcv111h7r0', '2017-07-01', 67, 57),
(863, '127.0.0.1', '7jfso04uotk71ppkt1t6mlhuh1', '2017-07-01', 68, 57),
(864, '127.0.0.1', '5btrea00fav2e9ln23ld8upetv', '2017-07-01', 68, 57),
(865, '127.0.0.1', '2qmpts5oij3849e3e2qsju0j5o', '2017-07-01', 68, 57),
(866, '127.0.0.1', '6inkb8om3dq7o09arjhphasop1', '2017-07-01', 68, 57),
(867, '127.0.0.1', '2khvkt2emcfmgfgnvp8qikphkb', '2017-07-01', 68, 57),
(868, '127.0.0.1', 'ea74e4qqcal1jubtjrm13u1ake', '2017-07-01', 68, 57),
(869, '127.0.0.1', 'f52b463sa108mf1o0mdnvra7g1', '2017-07-01', 68, 57),
(870, '127.0.0.1', 'el3lsfq2v5meg11as57fijn6ro', '2017-07-01', 68, 57),
(871, '127.0.0.1', '15025k9rjn6qkepa6nea79ojka', '2017-07-01', 69, 57),
(872, '127.0.0.1', 'rrvgbfkn0ft2lriiikb8ob14ag', '2017-07-01', 69, 57),
(873, '127.0.0.1', 'qie1oatqup8o1sn73vvlqhh9li', '2017-07-01', 69, 57),
(874, '127.0.0.1', 'is48u6uqn2fg439rv6bl1ut79c', '2017-07-01', 69, 57),
(875, '127.0.0.1', 'u5deqhdpmf5j54jfc2kejplg58', '2017-07-01', 69, 57),
(876, '127.0.0.1', '315dr5gc9p19vru3qdk1mc05nf', '2017-07-01', 69, 57),
(877, '127.0.0.1', 'aqckidkr1cakkpkl94ag75sejp', '2017-07-01', 69, 57),
(878, '127.0.0.1', '87ctk3d9fbmli5koivm1rronn5', '2017-07-01', 70, 57),
(879, '127.0.0.1', 'orqdco1f53iigohmmrekrn6ml0', '2017-07-01', 70, 57),
(880, '127.0.0.1', 'dupmkl77bur2q1udeqi1blf264', '2017-07-01', 70, 57),
(881, '127.0.0.1', 'o7jd5uuj7oe94dkjfchkfoi41n', '2017-07-01', 70, 57),
(882, '127.0.0.1', 'doq7qfpbllmr0tk4hl7m1gi761', '2017-07-01', 70, 57),
(883, '127.0.0.1', 'jks1r0e9u7ahrldadg24amp8e2', '2017-07-01', 70, 57),
(884, '127.0.0.1', 'p1s46cq27ksuc55l8gm16hh447', '2017-07-01', 70, 57),
(885, '127.0.0.1', 'dlfs62ic2m9lt8141ht4km1su3', '2017-07-01', 70, 57),
(886, '127.0.0.1', 'gk5l3agopvskpmas0ibjr3bk9a', '2017-07-01', 70, 57),
(887, '127.0.0.1', 'n15ksq66kmm6o7eqn1pprruo2e', '2017-07-01', 70, 57),
(888, '127.0.0.1', '8vm6ehkasprleuhh4df9a7ipio', '2017-07-01', 71, 57),
(889, '127.0.0.1', 'istqaot1es8thh1longuk1sebd', '2017-07-01', 71, 57),
(890, '127.0.0.1', 'j26etj14up3obgr06d1t5vrqn6', '2017-07-01', 71, 57),
(891, '127.0.0.1', 'omm1dlu2u2qbrqujdlalquhhgo', '2017-07-01', 72, 57),
(892, '127.0.0.1', 'nj2b304rehsdmetn768ao8iiin', '2017-07-01', 72, 57),
(893, '127.0.0.1', '59g1lsucod8mcgpirceltp42dl', '2017-07-01', 72, 57),
(894, '127.0.0.1', 'm4d6h706mtre7rala8m6khac6u', '2017-07-01', 72, 57),
(895, '127.0.0.1', 'gqq093phb01e0bssnuia8m198m', '2017-07-01', 72, 57),
(896, '127.0.0.1', '96tv7av15fpgdi8q9kkojho4or', '2017-07-02', 72, 57),
(897, '127.0.0.1', 'cbrlqo0o5pp2js5u0istf2cg24', '2017-07-05', 66, 57),
(898, '127.0.0.1', '9qh12f1o6h1n7bk6ejp0lgtc52', '2017-07-07', 66, 57),
(899, '127.0.0.1', 'bla50jpglrbseqpuk4ansj81ie', '2017-07-08', 66, 57),
(900, '127.0.0.1', '1o9hh8lls14vbiu26thml2pou4', '2017-07-08', 66, 57),
(901, '127.0.0.1', 'ipdqq9sb0l95d0eo928qu023i7', '2017-07-08', 66, 57),
(902, '127.0.0.1', 'os9gd6u459a2rq50v5u1jia0h0', '2017-07-09', 71, 57),
(903, '127.0.0.1', 'cbt7jjnsjbs134jnlep4ss0f72', '2017-07-09', 68, 57),
(904, '127.0.0.1', 'h3drqmbe4o2cvlrnktj82edpp0', '2017-07-09', 67, 57),
(905, '127.0.0.1', 'ek666d0nui1g9m7si5hgsptbc0', '2017-07-11', 84, 62),
(906, '127.0.0.1', 'r26qpsad9jn7krpm6l7quqrgr4', '2017-07-11', 84, 62),
(907, '127.0.0.1', 'pdjfrchno96u6st851t2bf6dk5', '2017-07-11', 85, 62),
(908, '127.0.0.1', '9iv3me8nar413253c8qd9afmi7', '2017-07-11', 86, 63),
(909, '127.0.0.1', 'ba4no6ahnr1kkrsnpie8s5spm0', '2017-07-11', 87, 63),
(910, '127.0.0.1', '6l85avtctaj3ofrqlfvcq4l1a4', '2017-07-11', 88, 63),
(911, '127.0.0.1', 'etuug43fbf3cues6j36im3rgm2', '2017-07-11', 89, 63),
(912, '127.0.0.1', 'ba3ftdjc446c79ds3nub3925o1', '2017-07-11', 90, 63),
(913, '127.0.0.1', 'aseevi4faq94as26fagld3cfr0', '2017-07-11', 91, 63),
(914, '127.0.0.1', '6a52m9er3p68kuh175ta34ifv3', '2017-07-11', 87, 63),
(915, '127.0.0.1', 'tdqqtie17rl6uu8bhojblohjn5', '2017-07-11', 89, 63),
(916, '127.0.0.1', '79j676vp73n8mi5oip4l8j2364', '2017-07-17', 90, 63),
(917, '127.0.0.1', 't13bj8ukg3fugh0v7jj5onvss0', '2017-07-17', 92, 64),
(918, '127.0.0.1', 'qgfq67e270v5armjhjsm9c7ud5', '2017-07-17', 93, 64),
(919, '127.0.0.1', 'fi0mihdgcpeopt7ghqkpq19su1', '2017-07-17', 94, 64),
(920, '127.0.0.1', 'vk37c6iorulpv1mv9vt2rhm8h3', '2017-07-18', 95, 65),
(921, '127.0.0.1', '1h29d1vhrjo6963n2u94fl6qf7', '2017-07-18', 95, 65),
(922, '127.0.0.1', 'cmf18tr04950h99menofclr4u3', '2017-07-18', 96, 65),
(923, '127.0.0.1', 'uvldnp0e8ugr9g88a56h0qson1', '2017-07-18', 97, 65),
(924, '127.0.0.1', 'ldgrp9843q6djmtqa62m9u7tt6', '2017-07-18', 98, 66),
(925, '127.0.0.1', 'tn6k0re00ot4ne46bpu2q216q0', '2017-07-18', 99, 66),
(926, '127.0.0.1', 'd32q1kel81tmtept6irbn5fj32', '2017-07-18', 100, 66);

-- --------------------------------------------------------

--
-- Structure de la table `choice`
--

CREATE TABLE `choice` (
  `id` int(11) NOT NULL,
  `choice` varchar(255) COLLATE utf8_unicode_ci NOT NULL,
  `survey_id` int(11) DEFAULT NULL
) ENGINE=InnoDB DEFAULT CHARSET=utf8 COLLATE=utf8_unicode_ci;

--
-- Contenu de la table `choice`
--

INSERT INTO `choice` (`id`, `choice`, `survey_id`) VALUES
(58, 'Moins de 20 salariés', 55),
(59, 'De 20 à 49 salariés', 55),
(60, 'De 50 à 99 salariés', 55),
(61, '100 salariés et plus', 55),
(62, 'Je suis en recherche active d’un nouveau poste de salarié (je consulte les offres d’emploi toutes les semaines)', 56),
(63, 'Je suis « à l’écoute du marché du travail » (je consulte les offres d’emploi de temps et en temps)', 56),
(64, 'Je souhaite devenir chef d’entreprise (j’ai entamé des démarches pour créer ma propre entreprise)', 56),
(65, 'Non: Je n’envisage pas de changer d’emploi', 56),
(66, 'Moins d’un an', 57),
(67, '1 à 3 ans', 57),
(68, '4 à 6 ans', 57),
(69, '7 à 9 ans', 57),
(70, '10 à 15 ans', 57),
(71, '15 à 20 ans', 57),
(72, 'plus de 20 ans', 57),
(78, 'test1', NULL),
(79, '2', NULL),
(80, '3', NULL),
(81, 'A', NULL),
(82, 'B', NULL),
(83, 'B', NULL),
(84, '111', NULL),
(85, '222', NULL),
(86, 'BAC', 63),
(87, 'BTS', 63),
(88, 'Licence', 63),
(89, 'Master', 63),
(90, 'ingénieure', 63),
(91, 'doctorant', 63),
(92, 'belkacem', NULL),
(93, 'yahiaoui', NULL),
(94, 'SSDHHD', NULL),
(95, 'zefzef', NULL),
(96, 'sdsdsd', NULL),
(97, 'pokpokpo', NULL),
(98, 'moins de 40 000 da', NULL),
(99, 'de 40000 a 60000', NULL),
(100, 'plus de 60000 da', NULL);

-- --------------------------------------------------------

--
-- Structure de la table `survey`
--

CREATE TABLE `survey` (
  `id` int(11) NOT NULL,
  `status` tinyint(1) NOT NULL,
  `createDate` date NOT NULL,
  `startDate` datetime NOT NULL,
  `endDate` datetime NOT NULL,
  `title` varchar(255) COLLATE utf8_unicode_ci NOT NULL,
  `description` longtext COLLATE utf8_unicode_ci NOT NULL,
  `type` int(11) NOT NULL,
  `zone` int(11) NOT NULL
) ENGINE=InnoDB DEFAULT CHARSET=utf8 COLLATE=utf8_unicode_ci;

--
-- Contenu de la table `survey`
--

INSERT INTO `survey` (`id`, `status`, `createDate`, `startDate`, `endDate`, `title`, `description`, `type`, `zone`) VALUES
(55, 0, '2017-05-29', '2017-07-01 00:00:00', '2017-07-10 00:00:00', 'nombre de salarié', 'Quelle est la taille de l''entreprise dans laquelle vous travaillez ?', 1, 1),
(56, 0, '2017-06-12', '2017-07-01 00:00:00', '2017-07-10 00:00:00', 'cherche d''emploi', 'Etes-vous actuellement à la recherche d’un nouvel emploi ?', 1, 1),
(57, 0, '2017-06-12', '2017-07-17 00:00:00', '2017-07-19 00:00:00', 'Experience', 'depuis combien de temps occupez-vous votre poste actuel ?', 1, 1),
(63, 0, '2017-07-11', '2012-01-01 00:00:00', '2012-01-01 00:00:00', 'niveau d''étude', 'quel est votre niveau d''etude', 1, 1);

-- --------------------------------------------------------

--
-- Structure de la table `user_admin`
--

CREATE TABLE `user_admin` (
  `id` int(11) NOT NULL,
  `username` varchar(180) COLLATE utf8_unicode_ci NOT NULL,
  `username_canonical` varchar(180) COLLATE utf8_unicode_ci NOT NULL,
  `email` varchar(180) COLLATE utf8_unicode_ci NOT NULL,
  `email_canonical` varchar(180) COLLATE utf8_unicode_ci NOT NULL,
  `enabled` tinyint(1) NOT NULL,
  `salt` varchar(255) COLLATE utf8_unicode_ci DEFAULT NULL,
  `password` varchar(255) COLLATE utf8_unicode_ci NOT NULL,
  `last_login` datetime DEFAULT NULL,
  `confirmation_token` varchar(180) COLLATE utf8_unicode_ci DEFAULT NULL,
  `password_requested_at` datetime DEFAULT NULL,
  `roles` longtext COLLATE utf8_unicode_ci NOT NULL COMMENT '(DC2Type:array)'
) ENGINE=InnoDB DEFAULT CHARSET=utf8 COLLATE=utf8_unicode_ci;

--
-- Contenu de la table `user_admin`
--

INSERT INTO `user_admin` (`id`, `username`, `username_canonical`, `email`, `email_canonical`, `enabled`, `salt`, `password`, `last_login`, `confirmation_token`, `password_requested_at`, `roles`) VALUES
(1, 'belka', 'belka', 'belka@gmail.com', 'belka@gmail.com', 1, NULL, '$2y$13$etTzUv2XmwIU.wpys6.byuIE9FKjeHC6cS8Umey.yp44ldN3jcyL6', '2017-05-15 17:08:13', NULL, NULL, 'a:1:{i:0;s:10:"ROLE_ADMIN";}'),
(3, 'belka2', 'belka2', 'belka2@gmail.com', 'belka2@gmail.com', 1, NULL, '$2y$13$PdxjrLp1qZQsE2vdxYn15eCaHL/U8oq2uafGcRyeXQgV0JsQRr/jm', '2017-05-15 17:17:36', NULL, NULL, 'a:1:{i:0;s:10:"ROLE_BIDON";}'),
(4, 'test1', 'test1', 'test@test.com', 'test@test.com', 1, NULL, '$2y$13$LKqCDeNop./1XgFfOl9P9O8.A38f0WdD9QkoDgFcYwR1si9KPuGe.', '2017-07-08 02:36:26', NULL, NULL, 'a:0:{}');

--
-- Index pour les tables exportées
--

--
-- Index pour la table `answer`
--
ALTER TABLE `answer`
  ADD PRIMARY KEY (`id`),
  ADD KEY `IDX_DADD4A25E47E7704` (`answer_id_id`);

--
-- Index pour la table `choice`
--
ALTER TABLE `choice`
  ADD PRIMARY KEY (`id`),
  ADD KEY `IDX_C1AB5A92B3FE509D` (`survey_id`);

--
-- Index pour la table `survey`
--
ALTER TABLE `survey`
  ADD PRIMARY KEY (`id`);

--
-- Index pour la table `user_admin`
--
ALTER TABLE `user_admin`
  ADD PRIMARY KEY (`id`),
  ADD UNIQUE KEY `UNIQ_6ACCF62E92FC23A8` (`username_canonical`),
  ADD UNIQUE KEY `UNIQ_6ACCF62EA0D96FBF` (`email_canonical`),
  ADD UNIQUE KEY `UNIQ_6ACCF62EC05FB297` (`confirmation_token`);

--
-- AUTO_INCREMENT pour les tables exportées
--

--
-- AUTO_INCREMENT pour la table `answer`
--
ALTER TABLE `answer`
  MODIFY `id` int(11) NOT NULL AUTO_INCREMENT, AUTO_INCREMENT=927;
--
-- AUTO_INCREMENT pour la table `choice`
--
ALTER TABLE `choice`
  MODIFY `id` int(11) NOT NULL AUTO_INCREMENT, AUTO_INCREMENT=101;
--
-- AUTO_INCREMENT pour la table `survey`
--
ALTER TABLE `survey`
  MODIFY `id` int(11) NOT NULL AUTO_INCREMENT, AUTO_INCREMENT=64;
--
-- AUTO_INCREMENT pour la table `user_admin`
--
ALTER TABLE `user_admin`
  MODIFY `id` int(11) NOT NULL AUTO_INCREMENT, AUTO_INCREMENT=5;
--
-- Contraintes pour les tables exportées
--

--
-- Contraintes pour la table `answer`
--
ALTER TABLE `answer`
  ADD CONSTRAINT `FK_DADD4A25E47E7704` FOREIGN KEY (`answer_id_id`) REFERENCES `choice` (`id`) ON DELETE CASCADE;

--
-- Contraintes pour la table `choice`
--
ALTER TABLE `choice`
  ADD CONSTRAINT `FK_C1AB5A92B3FE509D` FOREIGN KEY (`survey_id`) REFERENCES `survey` (`id`) ON DELETE SET NULL;

/*!40101 SET CHARACTER_SET_CLIENT=@OLD_CHARACTER_SET_CLIENT */;
/*!40101 SET CHARACTER_SET_RESULTS=@OLD_CHARACTER_SET_RESULTS */;
/*!40101 SET COLLATION_CONNECTION=@OLD_COLLATION_CONNECTION */;
